incident_id,split
2016_4454556_TANNER,train
2016_7149916_PINE,validation
2016_7262711_TOM FLOYD RD,train
2016_7262737_HICKEY,validation
2016_7362106_HOG FIELD,train
2016_7375980_SNAKE CREEK,train
2016_7393898_OFF GUARD,train
2016_7407160_STAR HOLLOW,train
2016_7407973_DRY CREEK FIRE,train
2016_7407990_COLD SPUR LOOP 2,test
2017_4449977_STALEY,train
2017_7129297_BUCKHORN FIRE,train
2017_7129344_2264 GENESIS ROAD,train
2017_7129412_MILE MARKER 166,train
2017_7129493_DAVIS,train
2017_7129546_TRAM ROAD,train
2017_7129595_COTTONWOOD TRAIL,train
2017_7129766_ROUND,train
2017_7130158_BEECH CREEK,train
2017_7130180_TIN SHED FIRE,train
2017_7130209_SUMMER VALLEY,train
2017_7130219_COUNTY ROAD 35,train
2017_7130229_FERNWOOD,test
2017_7130273_MEMORY LANE,train
2017_7130287_DUESSEN DRIVE,test
2017_7130323_DAVIS ROAD FIRE,train
2017_7130337_CR 260,train
2017_7130360_HUGHES RD,train
2017_7130383_ALLAPATTAH,validation
2017_7130480_OIL WELLS ROAD 2,test
2017_7130583_5TH ST,train
2017_7130631_CROWN MOUNTAIN,train
2017_7130826_BOLLARD,test
2017_7130931_PENA,train
2017_7131012_HONDITO,train
2017_7131162_BASS LAKE FIRE,train
2017_7131184_BLEAK,train
2017_7131517_LADDER,validation
2017_7131795_RATTLESNAKE POINT,validation
2017_7132174_MOOSE CREEK 1,train
2017_7132450_ROCKY POINT,train
2017_7132467_PAPOOSE,train
2017_7132527_HARE ROAD,train
2017_7132554_STEPS,train
2017_7132614_TRINLADY PARK,train
2017_7132702_DOBSON KNOB,train
2017_7132874_LICK BRANCH,train
2017_7132975_WENAS,train
2017_7133000_244,train
2017_7133019_WHETSTONE RIDGE,train
2017_7133244_NORTH DELPHIA,train
2017_7133372_DEAD DOG,train
2017_7133565_WINDYHILL,train
2017_7133639_LITTLE RIVER FIRE,train
2017_7133687_MONUMENT,test
2017_7133891_LIGHT SAGE,train
2017_7133923_CAUSEWAY,validation
2017_7134156_DOUBLE PALM,train
2017_7134172_ALAMO,train
2017_7134904_FLY CREEK,train
2017_7134981_MULBERRY,train
2017_7135131_ELK HORN,train
2017_7135281_CORBETT LANE,train
2017_7135356_VOA,train
2017_7135385_COLD SPRINGS,validation
2017_7135430_LONG RIDGE,train
2017_7135684_MM 155,train
2017_7135940_BRENDA,train
2017_7135986_SUMMER,train
2017_7136058_CEDAR CREEK,train
2017_7136145_DOVE,train
2017_7136254_HIDDEN DOME,train
2017_7136267_O RO RANCH,validation
2017_7136303_412,train
2017_7136388_SPANISH,train
2017_7136418_BOOT JACK,train
2017_7136474_LINCOLN BEACH,train
2017_7136512_CREEK,validation
2017_7136673_PAR,train
2017_7136708_XERIC,train
2017_7136773_POWERLINE,test
2017_7136875_BOMBING RANGE 6,train
2017_7136929_WEST MIMS,train
2017_7139831_GOSHEN PASS,train
2017_7139968_ROCKHOUSE #3,train
2017_7139981_GATLIFF,train
2017_7140005_HONEYMOON,train
2017_7140064_CAMPFIRE,train
2017_7140126_GATE,train
2017_7140345_CAMPFIRE 2,train
2017_7140503_KELLY,test
2017_7140517_FLYING R,validation
2017_7140574_SOUTH WENAS,train
2017_7140668_LEE CREEK,train
2017_7140769_RATTLESNAKE HILLS,train
2017_7140839_EAGLE,test
2017_7140860_WIND,train
2017_7140888_TIGER LAKE RD.,train
2017_7140972_WILLOW,validation
2017_7141045_GRIFFITH,train
2017_7141084_N.W. 262 AVE,train
2017_7141148_OLD WIRE RD,train
2017_7141219_GRAY VALLEY ROAD,train
2017_7141228_DOUBLING GAP FIRE,train
2017_7141239_FAGAN FARM ROAD,test
2017_7141319_ZALESKI KNOX TWP FIRE,train
2017_7141329_GARDEN VALLEY 2,train
2017_7141377_2017-117,train
2017_7141397_SHORTER,train
2017_7141410_QUINTON DUMP FIRE,train
2017_7141435_17-045,train
2017_7141448_DOWLEN,train
2017_7141476_SPANGLER RIDGE 2,train
2017_7141502_TROOPER,train
2017_7141576_60211-MA-9,train
2017_7141598_DRESDEN,train
2017_7141611_CEDAR CREEK,train
2017_7141688_MILSAP,train
2017_7141769_TUSSY FIRE,test
2017_7141806_LATIMAR,train
2017_7141842_LANDMINE,test
2017_7141857_HEYBURN LAKE FIRE,validation
2017_7141897_DOUBLEHEAD,train
2017_7141929_DONEGAL RD,train
2017_7141963_GREEN FIELDS,train
2017_7141998_COLEMAN HOMESTEAD RD,train
2017_7142021_BAFFIM,train
2017_7142043_CR 8,train
2017_7142067_PEACH CREEK,train
2017_7142092_KELLY TRAIL,train
2017_7142109_4020,train
2017_7142148_RACEWAY PARK,train
2017_7142166_LONG BRANCH,train
2017_7142212_MILL CREEK,train
2017_7142246_COAL PORT FIRE,train
2017_7142260_RD 211,train
2017_7142283_COOSA RD,train
2017_7142318_PONDEROSA RD,validation
2017_7142341_WHITE SPRINGS RD,test
2017_7142370_CALVARY CHURCH ROAD,train
2017_7142392_MISSOURI,train
2017_7142401_CARTHAGE,train
2017_7142421_BYNUM,train
2017_7142446_BUNCH MT,test
2017_7142502_NAKED CREEK LANE,train
2017_7142555_LOGAN FIRE,train
2017_7142614_TROOPER,train
2017_7142650_CONWAY RANCH,train
2017_7142674_TUCKER,train
2017_7142779_TAYLOR,train
2017_7142805_MICKMAN,train
2017_7142819_PIKE FIRE,train
2017_7142837_FREDERICK,test
2017_7142874_WRANGLER TRAIL FIRE,train
2017_7142891_ANNIVERSARY FIRE,train
2017_7142933_DELHI FIRE,train
2017_7142952_NORTH CANE,validation
2017_7143178_BRIGADE,train
2017_7143223_OIL WELLS ROAD,train
2017_7143308_LEPRECHANUN,train
2017_7143352_HAUKKALA RD FIRE,train
2017_7143372_KNIGHT STREET,train
2017_7143387_PARLIAMENT,train
2017_7143750_DRUMMOND,train
2017_7143782_PICKNEY,train
2017_7143847_SPORTSMAN CLUB,train
2017_7143877_AFTERNOON FIRE,train
2017_7143914_PERMIT #149B,validation
2017_7143925_BLUE WATER TOWER,train
2017_7143988_BRIAR CREEK,train
2017_7144026_BOLEN,train
2017_7144037_COKER,train
2017_7144085_PERSIMMON RIDGE,train
2017_7144189_HOPPER,test
2017_7144238_DORSEY,train
2017_7144262_6 COW,train
2017_7144329_SUGAR COVE,train
2017_7144485_CAP,train
2017_7144578_ROCK PICKER,train
2017_7144605_WEST CROSSETT,train
2017_7144618_BEAR CREEK,train
2017_7144634_SCHAUVLIEGE,train
2017_7144648_MCNALLY,train
2017_7144673_AUSTIN LOOP,train
2017_7144694_NCNALLY FLATS,train
2017_7144762_MILL CREEK,train
2017_7144838_STURGIS LOIUSVILLE RD,train
2017_7144857_DUSTY HOLLOW,train
2017_7144885_PATRICK ROAD,train
2017_7144905_PIDGEON MOUNTAIN,train
2017_7144970_NASHOBA Y FIRE,validation
2017_7145013_BULLDOG,validation
2017_7145031_46 DELANCEY LOOP,train
2017_7145054_FISHER POND,test
2017_7145075_ROAD TWO,train
2017_7145121_BALL DAIMOND,train
2017_7145157_CRAWFORD CREEK,train
2017_7145169_HOG HILL,train
2017_7145174_CRAWFISH FIRE,train
2017_7145205_BADGER MCCOY,train
2017_7145248_360 FIRE,train
2017_7145288_246TH ST,train
2017_7145304_RIFLE RANGE NORTH,train
2017_7145317_WARDEN STATION,train
2017_7145342_COLD MOUNTAIN,validation
2017_7145422_GREENWOOD FIRE,test
2017_7145450_CELL TOWER FIRE,train
2017_7145470_BOTTLE,test
2017_7145498_LEWIS FIRE,train
2017_7145509_TERRITORY FIRE,train
2017_7145545_STAPLES ROAD FIRE,train
2017_7145573_LEFORS EAST,train
2017_7145623_OKS - STARBUCK,train
2017_7145690_OKS - SELMAN,train
2017_7145763_SE 80TH ST FIRE,validation
2017_7145799_LITTLEFIELD ROAD,test
2017_7145821_KEIFER,train
2017_7145858_NORTH FARRIS ROAD FIRE,train
2017_7145902_POSEY,train
2017_7145934_SCRATCHOUT,train
2017_7145972_COUNTY RD 9 FIRE,validation
2017_7145987_CHEWY - PROCTOR HILL,train
2017_7146024_SE 3RD STREET,train
2017_7146056_CLEARVIEW,train
2017_7146075_CAMBRIA 1100 AVE,test
2017_7146110_MAD DOG MEMORIAL,test
2017_7146131_CHINQUPIN RD,train
2017_7146155_WATTS FIRE,train
2017_7146180_MIDDLE RIDGE,train
2017_7146204_POLECAT CREEK,validation
2017_7146229_CR 1355,test
2017_7146253_RANKIN RANCH ROAD,validation
2017_7146318_GREEN RANCH,train
2017_7146352_GATOR LANE,test
2017_7146411_GARFIELD ROAD,train
2017_7146540_WEOGUFKEE,train
2017_7146562_JACKSON RANCH,test
2017_7146641_CAIRO FIRE,validation
2017_7146675_SHERWOOD FOREST,train
2017_7146718_CONNER,train
2017_7146805_PENNY CREEK FIRE,train
2017_7146851_PERFECT STORM,train
2017_7146906_PINETREE TRAIL,train
2017_7146986_HARD TO FIND,test
2017_7147013_ASH WHITE,train
2017_7147042_HWY 14 WEST,train
2017_7147089_WORKMAN MT,test
2017_7147137_MARION CO PLAISANCE,train
2017_7147154_RAILROAD RIDGE,train
2017_7147182_BRINKLEY ROAD,train
2017_7147226_LITTLE  HURRICANE,train
2017_7147249_POWDER MILL,test
2017_7147278_COKER ROAD,train
2017_7147301_FIELD FIRE,test
2017_7147341_HOG JAW,train
2017_7147378_BULLHEAD,train
2017_7147417_ARGO DR,validation
2017_7147441_ROCK CREEK,train
2017_7147482_WESLEY FIRE,train
2017_7147508_TIDWELL,train
2017_7147546_CROW FOOT,validation
2017_7147573_NAKED MAN,train
2017_7147627_CROWELL,train
2017_7147648_YARBOROUGH RIDGE,test
2017_7147791_WATERS,train
2017_7147857_WEST SAVAGE,train
2017_7147892_211,train
2017_7147933_GREASY CREEK,train
2017_7147982_JAME B WHITE HIGHWAY,train
2017_7148003_HOYT MOUNTAIN,train
2017_7148034_NOBLE ROAD,train
2017_7148043_CAMP BARN,train
2017_7148053_MUSKRAT ROAD,train
2017_7148096_SALT FORK,train
2017_7148124_OAK SNAG,train
2017_7148172_WHITE STATION RD,train
2017_7148195_CR 216,train
2017_7148219_MISSALA,validation
2017_7148290_CHALET,test
2017_7148317_RIVERS POINT RD,train
2017_7148371_RANGE,train
2017_7148417_WF MORNING FIRE,test
2017_7148457_STREAM,train
2017_7148514_I84 MM271,train
2017_7148579_CRATER,train
2017_7148603_BUFFALO,train
2017_7148638_WHISPERING ACRES FIRE,train
2017_7148656_SWISSHELMS,train
2017_7149041_ROUGH ROAD,train
2017_7149051_BURDOCK FIRE,train
2017_7149061_WINNEBAGO FIRE,train
2017_7149075_OAKDALE HWY,validation
2017_7149116_DANG,train
2017_7149158_LENO RD,train
2017_7149226_PINE ST.,train
2017_7149255_FERGUSON,train
2017_7149324_DECOY RD.,train
2017_7149355_THREE MILE,train
2017_7149443_ORION,train
2017_7149515_COUGAR BUTTE,train
2017_7149614_CORRAL,train
2017_7149884_ORANGEBURG ROAD FIRE,test
2017_7149973_SHEEP CANYON,test
2017_7150160_BAGGETT LAKE,train
2017_7150174_HOLLEY DRIVE,train
2017_7150184_VETERAN'S MEMORIAL,train
2017_7150433_SMITH,train
2017_7150498_CR 54,validation
2017_7150536_CR 85,train
2017_7150592_MART,train
2017_7150858_LOUIE,train
2017_7150916_TOWER,validation
2017_7151035_OPERA,validation
2017_7151409_KELLOGG,train
2017_7151460_BEAR,validation
2017_7151572_SLIM,validation
2017_7151961_BOUNDARY,train
2017_7152893_235,train
2017_7152913_MANTEE RD,train
2017_7152932_4 POSEY DR.,train
2017_7152951_HWY 18/HWY 61,train
2017_7152970_3371 RD 310,train
2017_7152990_MILLER/BEERNET,train
2017_7153038_42ND ROAD FIRE,train
2017_7153052_HWY 25 FIRE,train
2017_7153066_KILN DELISLE RD,train
2017_7153086_THREE FORKS #8,train
2017_7153158_CR630 E,train
2017_7153268_PARKER HOLLOW #1,train
2017_7153299_HIGH POINT WARE RD,train
2017_7153323_HOPEWELL RD,validation
2017_7153346_HWY 90,train
2017_7153372_IRATE,train
2017_7153447_JAY BAR,train
2017_7153477_OLD FELLOWSHIP,train
2017_7153499_BOONE BCT,train
2017_7153512_ATLANTA,train
2017_7153550_HODGEMAN COUNTY,test
2017_7153573_WHITE CREEK,train
2017_7153763_194TH COURT FIRE,train
2017_7153792_ARTHUR,train
2017_7153826_NORTH SARDIS LAKE,train
2017_7153855_LOST FIRE,test
2017_7153883_HEADLIGHT ROAD FIRE,train
2017_7154057_BURNT CABIN,validation
2017_7154080_DENNISON HOLLOW,train
2017_7154105_HUMBOLDT CREEK FIRE,train
2017_7154119_HOPPICK,train
2017_7154181_GUN RANGE,train
2017_7154225_JOSPEH SPRINGS RD,train
2017_7154235_VEREEN BELL,train
2017_7154252_JN BREWER RD,train
2017_7154277_LOST FIRE,train
2017_7154302_SCHOOL BUS,train
2017_7154312_HICKORY NUUT,train
2017_7154335_YOUTH CAMP,train
2017_7154359_CRAWFORD-OK FIRE,train
2017_7154376_LOOP ROAD,test
2017_7154401_HWY 43 N,train
2017_7154429_ANGUS LN,train
2017_7154463_GETTIN DOWN MOUNTAIN 2,train
2017_7154508_CYCLE FIRE,train
2017_7154541_MILL TOWN,train
2017_7154564_HOPEWELL RD,validation
2017_7154600_MORGAN ROAD FIRE,validation
2017_7154612_RACCOON FIRE,validation
2017_7154627_SUGAR RUN,train
2017_7154651_TRAMEL MOUNTAIN,train
2017_7154662_GOLD MINE FIRE,train
2017_7154677_SOUTHWIND,train
2017_7154698_FRANK SMITH RD,train
2017_7154719_CHOCKIE FIRE,validation
2017_7154758_STEVENS CEMETARY RD,train
2017_7154779_96 FIRE,train
2017_7154808_LIT RANCH,train
2017_7154881_INGALLS,train
2017_7154896_CHARLOIAS,test
2017_7154913_25MM,validation
2017_7154924_BELL HAMMOCK,train
2017_7154958_PIG HILL FIRE,train
2017_7154993_HARDESTY COMMAND,train
2017_7155028_303,train
2017_7155062_CROSSROADS WEST,train
2017_7155078_PRISON,train
2017_7155129_3510 FIRE,train
2017_7155177_AKINS,train
2017_7155205_ANGUSTIA,train
2017_7155235_CATTLE DRIVE,train
2017_7155255_SEQUOYAH,train
2017_7155281_HILLTOP,train
2017_7155307_MERRIT LOOP,train
2017_7155330_LEE WILLIAMS RD,train
2017_7155575_PAINTED POST,train
2017_7155586_SMITH FIRE,train
2017_7155600_COLLINS LANDING RD,train
2017_7155617_HWY 69 S,train
2017_7155642_HICKORY GROVE,train
2017_7155675_NW OKLAHOMA COMPLEX,train
2017_7156031_2017-00000869,train
2017_7156047_NORBURY,test
2017_7156083_PARKER,train
2017_7156192_ASHLEY 714,validation
2017_7156214_CHICKASAW CREEK FIRE,train
2017_7156269_LIBERTY HIGHLINES,test
2017_7156293_RAT PACK,train
2017_7156317_BEAVER MOUNTAIN,train
2017_7156391_KILL HOLLOW,train
2017_7156432_WAGON WHEEL,train
2017_7156457_NE MCINTYRE ST,train
2017_7156473_PROSPECT ROAD,test
2017_7156516_FISH FARM ROAD FIRE,test
2017_7156555_PELHAM RANGE,train
2017_7156566_AUSTIN POND,test
2017_7156582_SEVEN CABINS,validation
2017_7156672_ROUND PRAIRIE WEST,train
2017_7156684_LEMON FIRE,train
2017_7156722_SPANGLER RIDGE1,train
2017_7156751_PETSEMOIE,validation
2017_7156831_BOND RD,test
2017_7156882_MASHBURN ROAD,train
2017_7156956_ROUND MT.,test
2017_7156980_ISLAND ROAD,train
2017_7157011_DISSTON NE,train
2017_7157092_371-A GATESBRIDGE RD,train
2017_7157111_CR 5005,train
2017_7157132_MOSQUITO,train
2017_7157174_SMITH RD #2,train
2017_7157203_COOKSON ELK CREEK,train
2017_7157257_BIG CREEK,train
2017_7157293_SUGARLOAF 1,train
2017_7157344_COUNTY LINE,train
2017_7157382_HOLLIS FIRE,test
2017_7157429_TRIPP,train
2017_7157466_ARLIE DAVIS RD,train
2017_7157485_RISING BRANCH RD,train
2017_7157506_DITCH CRICKET,train
2017_7157548_BESTPITCH,train
2017_7157570_C64A,train
2017_7157821_BANKER'S RIDGE,train
2017_7157865_GULLET BRANCH,train
2017_7157892_MAJOR ROAD,train
2017_7157942_DOVEL HOLLOW BARREL FIRE,train
2017_7157978_REVEREND BILL ROAD,train
2017_7158029_BROKE DEERE,validation
2017_7158049_BRUSHY TOP,train
2017_7158077_MEADOW ROCK,train
2017_7158120_WEST,train
2017_7158205_AZAR 255,train
2017_7158223_DS ROUSE RD,train
2017_7158266_CABIN CREEK FIRE,train
2017_7158306_POCASSET,train
2017_7158383_17-8,train
2017_7158397_GRANT75,train
2017_7158423_2577 REEVES RD,train
2017_7158451_TURNER RD,train
2017_7158477_SIMPSON,train
2017_7158490_MAXCY RD,train
2017_7158530_MCCOMBS,train
2017_7158569_BURNEY STRUCTURE,validation
2017_7158584_WEST MAIN AMBER,validation
2017_7158629_FLOYD VICKERS ROAD FIRE,train
2017_7158642_LEMOND,train
2017_7158996_EAG17,train
2017_7159017_PECAN,train
2017_7159057_BENGAL EAST,train
2017_7159088_OKC COMPLEX,train
2017_7159137_EAGLE PASS,train
2017_7159169_HWY 83 AGAIN,train
2017_7159189_HOMER/LADNER RD,train
2017_7159211_GRAVES KEY RD,train
2017_7159241_CORNETT,train
2017_7159288_DEES RD,train
2017_7159310_HOCOKA RD,train
2017_7159338_CAYWOOD LANE,train
2017_7159366_MONTEZUMA WILDFIRE 2017,train
2017_7159381_BERMONT RD,validation
2017_7159404_REFFITT HOLLOW LN.,train
2017_7159440_ENCINO,validation
2017_7159596_CABLE,train
2017_7159629_HILL,train
2017_7159928_QUAIL COMPLEX,train
2017_7160009_COWBELL,train
2017_7161080_WOLF,train
2017_7161142_KYLE,train
2017_7161201_JD HOOD LN,test
2017_7161236_DONAHO,train
2017_7161264_TONGANOXIE ROAD,validation
2017_7161278_CLINT MASON RD,train
2017_7161319_PERRYTON,train
2017_7161428_HICKORY TREE,train
2017_7161453_WHITETAIL,train
2017_7161492_CRISP FIRE,train
2017_7161504_US287 & CRTT,train
2017_7161729_GREEN LEAF FIRE,train
2017_7161743_OLD LLOYD RD 01,validation
2017_7161771_WALKER GAMBLE RD FIRE,train
2017_7161787_CATTLEMAN FIRE,test
2017_7161821_COOK STORE ROAD,train
2017_7161846_BELLVIEW FARM,train
2017_7161896_141 OR-MAF-17141,train
2017_7161976_GOODWIN,train
2017_7162672_SADDLE,train
2017_7162831_JEAN ROAD,train
2017_7162852_7 J RANCH,train
2017_7162876_SOUTH SPRING MOUNTAIN,train
2017_7162907_LUKINS RIDGE,validation
2017_7162938_QUASSARTE,train
2017_7163026_CHUPCO,train
2017_7163094_ROBBINS,train
2017_7163112_SOUTH CAMP,test
2017_7163137_GAS LINE,train
2017_7163148_RABBIT ROAD,train
2017_7163164_EIGHT FOUR TWO,train
2017_7163369_OAK SPRINGS 0326 RN,train
2017_7163414_FOREHAND RANCH,train
2017_7163440_JENKINS CREEK,train
2017_7163499_JAYNE,test
2017_7163557_RUSSELL,train
2017_7163590_BIG SKIN,train
2017_7163694_HORSE SHOE LOOP,test
2017_7163719_LOWRY,train
2017_7163747_BRIARHILL CO RD 1118,train
2017_7163766_BURNT CAR,train
2017_7163778_BAKER ROAD,train
2017_7163835_DAY OFF,train
2017_7163877_HATCHERY,train
2017_7163951_WESTHOLDER,train
2017_7163983_PONDER,train
2017_7164008_GERMAINE,train
2017_7164028_MILE MARKER 4,test
2017_7164055_BUCK,test
2017_7164173_RIDGE LINE,test
2017_7164186_HUTCHINSON,train
2017_7164221_ARRINGTON RANCH,train
2017_7164250_BRIDGE,train
2017_7164402_RAYS BRANCH,validation
2017_7164432_TANGO,train
2017_7164479_COUNTY ROAD SEVEN,test
2017_7164546_CURRY,train
2017_7164571_MINK PEAK,train
2017_7164637_MOOSE CREEK 2,train
2017_7164660_FOUR SEASONS COMPLEX,train
2017_7165000_LONE PINE,test
2017_7165103_ELBOW BEND,train
2017_7165161_SIXTY TWO,train
2017_7165250_LITTLE CLARA FIRE,train
2017_7165281_LOG CABIN FIRE,train
2017_7165321_TRINITY,train
2017_7165456_LOLO PEAK,train
2017_7168430_BACA,train
2017_7168905_WRIGHT,train
2017_7168935_LONG RIDGE,train
2017_7169080_BRAIDED  CAVE,test
2017_7169165_UPPER MINE,train
2017_7169364_WARM RIVER,test
2017_7169431_GILBERT,train
2017_7169468_R-14,validation
2017_7169708_RHOADES CANYON 0301 RN,train
2017_7169920_RIVERS EDGE,train
2017_7170003_TURTLE,train
2017_7170080_10 MILE,train
2017_7170139_DETWILER,train
2017_7172570_WANBLEE TIMBER,train
2017_7172807_FOUR BUTTES,validation
2017_7172898_81ST (POWERLINE),test
2017_7172934_MARY LANE,train
2017_7172986_SPRING CREEK FARM,test
2017_7173089_BADCOCK  GRUB RD,train
2017_7173165_BOX,train
2017_7173190_ATOKA WMA,train
2017_7173228_DICKERSON RD,train
2017_7173263_CHESAPEAKE LN,test
2017_7173309_OJITOS,train
2017_7173710_DAVIS,train
2017_7173747_BURDETTE,train
2017_7174565_COFFEE POT,train
2017_7174607_HOT SPRINGS,train
2017_7174684_ARGILE SMITH RD,train
2017_7174707_TRAIL FIRE,validation
2017_7174782_JUPITER HILLS,train
2017_7174805_WILD HOG,test
2017_7174815_WIND CREEK,train
2017_7174826_BONNIE OAKS #1,train
2017_7174839_DUMAS COMPLEX,train
2017_7174900_OKS - 283,train
2017_7174967_MOOSE LANE FIRE,train
2017_7174992_BLUE BLUFF,train
2017_7175014_CADILLAC FIRE,train
2017_7175024_WILSON ROAD,train
2017_7175035_UNION RD FIRE,test
2017_7175045_EASTER FIRE,train
2017_7175055_HUNTER POINT FIRE,train
2017_7175064_HUNTSVILLE,train
2017_7175078_SOUTHERN DRIVE FIRE,validation
2017_7175087_18TH & FRANGIPANI,train
2017_7175255_ISLAND,train
2017_7175303_HILLTOP,train
2017_7175465_SPITLINE,train
2017_7175538_NUCLEAR,train
2017_7175592_COOP,train
2017_7175605_BELTLINE ROAD FIRE,train
2017_7175618_FARRELL ST FIRE,train
2017_7175633_MIDNIGHT FIRE,train
2017_7175651_YONKERS,train
2017_7175666_CYPRESS,train
2017_7175777_MAESER HIGHWAY,train
2017_7175901_GREENUP FIRE,train
2017_7175991_SHILOH CHURCH,test
2017_7176011_RATHBUN FIRE,train
2017_7176026_TRAIL RIDGE ROAD,train
2017_7176084_147,train
2017_7176120_CATARACT FALLS,validation
2017_7176153_EMERSON,train
2017_7176310_HARDBALL,train
2017_7176332_POTATO,train
2017_7176384_STRAW,train
2017_7176588_NORTH,train
2017_7176683_LASSITER,train
2017_7176693_JOHNSON,train
2017_7176717_HALFORD LN,train
2017_7176740_RED OAK RIDGE,train
2017_7176791_TAYLOR,train
2017_7176836_MCDANIEL,train
2017_7176853_ANGEL 2,train
2017_7176880_CANDLEBERRY,validation
2017_7177011_STUART HILL,train
2017_7177058_FARAD,train
2017_7177237_HIDDEN,train
2017_7177497_FLAT TOP,train
2017_7177619_BLANKET CREEK,train
2017_7178456_CLEAR,train
2017_7179082_STATE ROAD 31,train
2017_7179123_KERR,test
2017_7179159_GOODIN BRANCH,train
2017_7179171_WEIR HIGHPOINTE RD,train
2017_7179205_CHERRY CREEK,train
2017_7179369_MEADOW CREEK,train
2017_7179429_LELIG,train
2017_7179526_BLACK MOUNTAIN,train
2017_7179572_RAVEN,train
2017_7179761_R-21,test
2017_7179818_RED SPRINGS,train
2017_7180065_326 87,test
2017_7180096_PUNTKA,train
2017_7180106_ASHLAND ROAD,train
2017_7180119_FENTON,train
2017_7180145_HI TRUETT,train
2017_7180169_RAEL,train
2017_7180222_GRASSLAND,train
2017_7180239_BRYANT HOLLOW,train
2017_7180293_COAL MINE,train
2017_7180318_LOST CREEK,train
2017_7180375_TANNER,test
2017_7180389_TOWNSHIP RD. 25,train
2017_7180399_WEST POST OAK,train
2017_7180449_OLD HOUSE,train
2017_7180491_PARK CREEK,validation
2017_7182946_MISSOURI,train
2017_7183675_LOOKOUT,test
2017_7183883_APACHE,train
2017_7183965_FROG CREEK,test
2017_7184018_SWITCH BACK,train
2017_7184053_CLOVERLICK #3,train
2017_7184081_OWEGO,train
2017_7184100_RAMBLER LANE,train
2017_7184151_PLUM - POWDER,train
2017_7184184_CORRAL CREEK,train
2017_7184510_NOISY CREEK,train
2017_7185487_REDFORD CANYON,validation
2017_7186087_WALTON HOLLOW,train
2017_7186124_PENINSULA,validation
2017_7186178_BEAVER DAM ROAD,train
2017_7186284_CANYON CREEK,train
2017_7186492_BRUNER,train
2017_7186524_WARREN ROAD,train
2017_7186580_WITTEN,train
2017_7186628_HD SUMMIT,test
2017_7186668_EASTLINE,train
2017_7186706_HIGHWAY 435 MA,test
2017_7186730_STORM,train
2017_7186767_BARNABY,train
2017_7186912_CROW ROCK,train
2017_7186961_WHITE HORSE,train
2017_7187012_VALLEY,train
2017_7187055_TOULOU,train
2017_7187120_DUCK POND,train
2017_7187161_SAND CREEK,train
2017_7187177_TWIN,train
2017_7187199_LEMHI,train
2017_7187251_POWERLINE,train
2017_7187726_GOOSE LAKE,train
2017_7187752_MARSH LK,train
2017_7187806_PENCE,train
2017_7187864_BULL,train
2017_7187986_BROOKLYN,train
2017_7188114_MEYERS,test
2017_7190465_WATER TOWER,train
2017_7190759_TOWER,train
2017_7190817_WHITE HORSE,train
2017_7190900_WHITEBIRD,train
2017_7190943_ROACH,train
2017_7191116_CHILCOOT,train
2017_7191215_BABCOCK RANCH EAST (08),train
2017_7191238_WINTER,train
2017_7191464_JONES LANE,train
2017_7191473_HUTTO CAMP,train
2017_7191631_DRAW,train
2017_7191979_MONUMENT HILL,train
2017_7192050_ADAIR PEAK,train
2017_7192449_RIVERS,train
2017_7192544_MALDEN,train
2017_7192625_TEENIE FIRE,train
2017_7192643_WALL,train
2017_7193262_WF MIDDLETON,validation
2017_7193288_PARKFIELD,train
2017_7193377_UINTAH,test
2017_7193512_UPSHAW ROSD,train
2017_7193532_SCATTER CREEK,test
2017_7193683_LADY FACE,train
2017_7193746_TWO DENS,test
2017_7193849_ESTES 1,train
2017_7193878_VALLEY VIEW,train
2017_7193989_LYONS,train
2017_7194191_I-80,train
2017_7194221_MICRO,train
2017_7194289_TIPTON,train
2017_7194305_TROUT CREEK,train
2017_7194387_OLD LUCEREN PARK,test
2017_7194408_KIDNEY,train
2017_7194427_RED,train
2017_7194593_HIGHWAY 200 COMPLEX,train
2017_7195648_CENTER RIDGE,validation
2017_7195698_SQUIRREL CREEK,train
2017_7195843_CINDER BUTTE,train
2017_7196244_RED BUTTE,train
2017_7196298_CRATER HILL,train
2017_7196352_COBBLE,train
2017_7196383_KNOB,train
2017_7196435_HICKORY,train
2017_7196488_GREY,train
2017_7196536_OLD GAB BROWN RANCH,train
2017_7196565_MT. PARKWAY,test
2017_7196593_MOCAT,train
2017_7196645_SILVER LAKE,train
2017_7196676_GULCH,train
2017_7196731_PLUMMER,train
2017_7196822_LAVA FLOW,train
2017_7196993_KNOTGRASS,train
2017_7197053_BUCK LAKE CREEK,train
2017_7197155_BLACK HILLS,train
2017_7197178_DILLY CANYON,train
2017_7197246_SAGE,train
2017_7197304_BLAINE,train
2017_7197322_BLACK,train
2017_7197350_MUSTANG,train
2017_7197944_BIG BRUSHY MOUNTAIN,train
2017_7198001_311B,train
2017_7198065_PINE HOLLOW,test
2017_7198121_DRAW,train
2017_7198253_EUREKA,test
2017_7198739_HACKETT,train
2017_7198748_DAMASCUS ROAD,train
2017_7198902_CUTTER,train
2017_7199090_BEAR SUCK KNOB,train
2017_7199170_WHITES EASEMENT,test
2017_7199217_DAY CANYON,train
2017_7199245_BUCK,train
2017_7200218_SOUTHERN LNU COMPLEX,train
2017_7201954_BUG TUSSLE,train
2017_7201992_LITTLE ROCK CREEK,train
2017_7202087_JOHNSON RIDGE,train
2017_7202145_BEAVER,train
2017_7202241_POINT,train
2017_7202296_ST LAWRENCE,train
2017_7202349_SOUTH BIKE TRAIL,train
2017_7202440_FERN AVE FIRE,train
2017_7202473_STAR FIRE,train
2017_7202506_RUSSELL,train
2017_7202520_HUSMAN,train
2017_7202533_5 MILE ROAD,train
2017_7202571_DANIEL,test
2017_7202593_SOUTH FORK FIRE,train
2017_7202628_MIZE BRANCH,train
2017_7202679_RANGE,train
2017_7202724_BEAR RIDGE,train
2017_7202769_WIND MILL DRAW,validation
2017_7202842_GOOSE,train
2017_7202851_RANCH,train
2017_7202861_PHOENIX,train
2017_7202919_4529,train
2017_7202990_LAKE ROAD,train
2017_7203003_TABLE,train
2017_7203228_QUINN,train
2017_7203380_N.E. BEAGLE DR,train
2017_7203407_PIT,train
2017_7203417_MUD,test
2017_7203435_BOLES,train
2017_7203445_BISSELL,train
2017_7203551_MYER ROAD (28),validation
2017_7203602_ARCHER MOUNTAIN,train
2017_7203769_CORNFIELD,train
2017_7203820_OLD DOMINION,train
2017_7203863_FRY PAN,train
2017_7203952_KERN,train
2017_7203963_FRY PAN 2,train
2017_7204002_TOULON,train
2017_7204050_MAHOGANY,train
2017_7204334_LEONARD CREEK,train
2017_7204469_SHEEP,train
2017_7204567_WHITEWATER,validation
2017_7204595_SCHAEFFER,train
2017_7205385_DEVILS LAKE,train
2017_7205738_DOUBLESIDE,validation
2017_7205843_PLACERITA IC,train
2017_7205992_HILLTOP,train
2017_7206668_BRANAM HOLLOW ROAD,train
2017_7206683_BRAVO RANGE FIRE,train
2017_7206736_ROSE,train
2017_7206851_GRANT,train
2017_7206989_ESCONDIDO,train
2017_7207030_SULTIEMIER RANCH,train
2017_7207092_POINT,validation
2017_7207197_PARKER,train
2017_7207253_STEEN RD,train
2017_7207302_SOUTH WATERS,train
2017_7207389_CANYON 2,test
2017_7207857_KERR,validation
2017_7208268_CANINE FIRE,train
2017_7208283_RAINTREE BLVD.,train
2017_7208419_CRANE ISLAND,train
2017_7208585_LA TUNA,train
2017_7208972_DFPA HORSE PRAIRIE,train
2017_7210026_HUTTO,train
2017_7210143_WILLOW,validation
2017_7210183_WINTER VALLEY,train
2017_7210328_PHILLIS DRIVE FIRE,train
2017_7210337_FLATWOODS PARK,train
2017_7210425_RED ANT,test
2017_7210439_BARTLEY,train
2017_7210468_OVERTON,train
2017_7210506_ISLAND,train
2017_7211175_BULL ROCK,train
2017_7211211_POLK STATE LINE,train
2017_7211225_MABLE LN,train
2017_7211242_CHESTER,train
2017_7211256_MCCOURTNEY,train
2017_7211273_LOBO,validation
2017_7211294_CASCADE,train
2017_7211316_NEU WIND COMPLEX,train
2017_7212083_ATLAS,train
2017_7212137_MOTHERS DAY FIRE,test
2017_7212160_SOUTH FORK,train
2017_7213509_SKULL VALLEY,train
2017_7213531_SHEEP GAP,train
2017_7213594_PALOMA,train
2017_7213698_STOKES IC,train
2017_7213821_TOPANGA IC,train
2017_7214008_BRADY,train
2017_7214256_YORK,train
2017_7214362_WARM SPRINGS,train
2017_7214647_FUELWOOD SALE FIRE,test
2017_7214664_RL 331 WEST ROAD FIRE,train
2017_7214825_SOMBRERO,train
2017_7214930_KIRBY FLATS,train
2017_7214964_SOUTH HAMPTON FIRE,train
2017_7214988_CRESTVIEW 3,train
2017_7215015_WHETSTONE RD,train
2017_7215033_KEYHOLE HAMMOCK,train
2017_7215121_LIZ BUTTE,train
2017_7215225_COLD SMOKE,train
2017_7215308_QUARTER,train
2017_7215408_LEONARD MT,train
2017_7215476_RIVER OTTER,train
2017_7215537_REACH,test
2017_7215649_TINAJA,train
2017_7215778_DUD,train
2017_7215839_CROW 3,train
2017_7215859_SARPY FORK,train
2017_7215889_CROW 1,train
2017_7215936_WHITEHALL,train
2017_7215993_CHUMYON,train
2017_7216122_CROW 2,train
2017_7216148_GARDINER FORK,train
2017_7216202_WHISKEY,train
2017_7216233_WYLIES RIDGE,validation
2017_7216267_CAP,test
2017_7216406_CALDWELL,train
2017_7216499_NEEDLE,train
2017_7216527_HAWK RIDGE,validation
2017_7216598_CRAB CREEK,train
2017_7216628_DIAMOND CREEK,validation
2017_7218213_WINDMILL,train
2017_7218242_RODEO,validation
2017_7218274_MARTIN CANYON,train
2017_7218453_193RD ROAD,train
2017_7218538_SIPHON,train
2017_7218651_INDEPENDENCE,train
2017_7218681_TAR CREEK,train
2017_7218773_KNOWLES,train
2017_7218828_SNIDER,train
2017_7218860_EAGLE CREEK,train
2017_7218891_WATERTON,train
2017_7218928_BRUSH FLAT,train
2017_7219040_33 SPRINGS,train
2017_7219200_DEEP,train
2017_7219279_COULEE,train
2017_7219301_LONG VALLEY,train
2017_7220003_TEANAWAY RIVER,train
2017_7220123_MENDOCINO LAKE COMPLEX,train
2017_7221953_LA PORTE,train
2017_7221998_THIRTY SEVEN,validation
2017_7222114_SULFUR,train
2017_7222199_PARTRICK,validation
2017_7222210_HONEY,test
2017_7222398_NORTH,test
2017_7222654_HUB BUTTE,train
2017_7222674_HWY 12 MILEPOST 188,train
2017_7222763_SENECA,validation
2017_7222860_NEFFS,train
2017_7222883_MCCARTY,train
2017_7222960_PEGGY,train
2017_7223059_FLORENCE,train
2017_7223102_LITTLE WEITAS,train
2017_7223181_PALMER,train
2017_7223338_PRONGHORN,test
2017_7223505_STRYCHNINE,train
2017_7223776_GUTZLER,train
2017_7224317_SILVER  DOLLAR,validation
2017_7224449_SPRING,train
2017_7224659_HYDE,train
2017_7224777_CHIMNEY CREEK,train
2017_7224818_WATER PLANT,train
2017_7224901_SQUARE BUTTE,train
2017_7224955_HUDSON,train
2017_7224973_STREAMSONG (53),train
2017_7224991_MARBLE,train
2017_7225264_BARKER,train
2017_7225306_DOGWOOD CIRCLE FIRE,test
2017_7225323_LONGVIEW ST FIRE,train
2017_7225791_AEROMOTOR,train
2017_7225849_PREACHER,train
2017_7226152_DUCK,train
2017_7226202_GOPHER,train
2017_7226235_DOMINIC BUTTE,train
2017_7226392_CRYING,train
2017_7226628_SOUTH BREAKS,train
2017_7226698_CLARE #7 SUNRISE TRAIL,train
2017_7226708_WILLIAMS RD,train
2017_7226848_MELLON RD,train
2017_7226857_ZERO TURN,train
2017_7226874_STATE ROUTE 437,train
2017_7226887_SUMBAX RD,test
2017_7226922_STEEL RD,validation
2017_7226946_BEECH GROVE,train
2017_7226985_EMANUEL LOOP,train
2017_7227018_BRIDGE COULEE,train
2017_7227061_COTTONWOOD - ROSEBUD,train
2017_7227102_MILL CREEK,train
2017_7227462_STALLIONS,validation
2017_7227559_BUFFALO,train
2017_7227810_33 SLIME (53),train
2017_7227838_SLAB,train
2017_7227893_CANYON,test
2017_7228101_NORTH FORK HUGHES,validation
2017_7228286_SAPPHIRE COMPLEX,test
2017_7231210_WHITEWATER,train
2017_7233686_GIBSON RANCH,train
2017_7233755_CROOKED CREEK,validation
2017_7233781_MM19,train
2017_7233828_CROOKED 2,train
2017_7233882_PENN SWAMP FIRE,train
2017_7233914_MAUER MOUNTAIN,train
2017_7234049_DRY GULCH,train
2017_7234203_INDIAN CREEK,validation
2017_7235117_WINNEMUCCA RANCH,validation
2017_7235324_RICE RIDGE,train
2017_7238290_HUFFMAN,train
2017_7238299_CRANE,validation
2017_7238377_TANK,train
2017_7238386_IBEX,train
2017_7238965_MODOC JULY COMPLEX,train
2017_7241051_TUBBS,train
2017_7241273_TRANSFER STATION,train
2017_7241329_RED PINE,validation
2017_7241380_TANK,train
2017_7241390_COUNTY ROAD 20,train
2017_7241431_RIMROCK,train
2017_7241453_BLACK POINT,train
2017_7241588_SNAKE RIDGE,train
2017_7241864_DRY HILLS,train
2017_7241893_MECCA FIRE,validation
2017_7242767_LITTLE CREEK,train
2017_7242824_HAMLIN AVE.,train
2017_7242858_BONITA,train
2017_7243473_WILDCAT,train
2017_7243545_BOWDEN,validation
2017_7243603_MISSION,train
2017_7244328_CREEK,train
2017_7244726_BLACK EAGLE,validation
2017_7245404_SAILOR,train
2017_7245466_DL RATTLESNAKE,train
2017_7245506_SAGEBRUSH DRAW,train
2017_7245550_GREEN RIDGE COMPLEX,train
2017_7245728_IMMIGRANT,train
2017_7245771_GARDINER PEAK,train
2017_7245887_MM119 I84,train
2017_7246405_KINYON SPRINGS,train
2017_7246463_SWEENY,train
2017_7246480_CONROW,train
2017_7246858_CORNUCOPIA,train
2017_7246917_SNOWSTORM,validation
2017_7246974_JUNI,test
2017_7247113_TRAIL CREEK,train
2017_7247213_DEER PARK,train
2017_7247401_THREE,train
2017_7247448_SKYVIEW RIDGE,train
2017_7247474_MUSKRAT 2,validation
2017_7247526_DOE KNOB,train
2017_7247578_DEEP CREEK,train
2017_7247925_SAWMILL CREEK,validation
2017_7248387_THE E,train
2017_7248484_COOLWATER COMPLEX,train
2017_7248803_BLUE RIDGE COMPLEX,train
2017_7248967_HART,train
2017_7249037_DOONAN,train
2017_7249150_STRAWBERRY,train
2017_7249506_CLAIRE,train
2017_7249517_FOURTH,train
2017_7249539_HUNTSMAN,train
2017_7249773_KETTLE CR,train
2017_7249799_SIX  MILE,train
2017_7249895_SHEEP,train
2017_7250056_HOWARD,test
2017_7250107_COTTONWOOD ONE,train
2017_7250173_UNO PEAK,train
2017_7251006_READER 2,train
2017_7251037_TIDWELL,train
2017_7251179_SALEM RD,train
2017_7251235_TUMBLEBUG 2,train
2017_7251296_310   WEST OF COMO,train
2017_7251334_HUMPHEY ROAD FIRE,train
2017_7251412_GERBER FLAT,train
2017_7251470_ORCHARD HILL,train
2017_7251504_MCGEE CREEK FIRE,train
2017_7251558_AFM,train
2017_7251578_ANN AVE N,train
2017_7251622_RED GRANGE BLVD,train
2017_7251930_NE 120TH ST,train
2017_7251987_FIFE,train
2017_7252109_A-TEAM,validation
2017_7252135_OUTLAW FIRE,train
2017_7252177_NORTH GAINES CREEK,test
2017_7252216_FULL MOON,train
2017_7252244_STRAWBERRY HOLLOW,train
2017_7252294_HWY 63,train
2017_7252394_TWENTY NINE,train
2017_7252431_TIN CUP,train
2017_7252587_COLE SCHOOL,train
2017_7252626_SPIKE ROAD,train
2017_7252678_T ISLAND,train
2017_7252735_EAST BIMINI,train
2017_7252854_ROSS 1,train
2017_7252868_KOGER FIRE,train
2017_7252885_MIDAS,train
2017_7252950_#3 RAIN,train
2017_7252989_BLUFF,train
2017_7253036_WILDCAT,train
2017_7253166_GOAT CREEK,train
2017_7253215_BASIN CREEK,train
2017_7253228_COYOTE,train
2017_7253316_BIRCH CREEK,train
2017_7253382_BULL,train
2017_7253432_HIDDEN,train
2017_7253484_FRED OUSLEY LN.,train
2017_7253499_BONES BRANCH,train
2017_7253529_WEST QUINTON,validation
2017_7253542_BARK CAMP BRANCH FIRE,train
2017_7253558_141ST,train
2017_7253596_2 MILE LANE,train
2017_7253623_DIAZ,train
2017_7253821_HIGHLAND,test
2017_7253911_MILLER COMPLEX,train
2017_7256253_CLARKSTON,train
2017_7256291_BUCKNUM,train
2017_7256368_BREACH,validation
2017_7256384_OAKLAND ROAD,train
2017_7256424_LASSO LN,train
2017_7256454_PRONGHORN,train
2017_7256479_SOLOMON ROAD,train
2017_7256544_BAR X,train
2017_7256823_SUNRISE,train
2017_7259357_ALICE CREEK,train
2017_7260515_PINAL,train
2017_7261512_HORSE CROSS,validation
2017_7261569_MAPLE CREEK,train
2017_7261659_YETI,validation
2017_7261703_MANZANITA,train
2017_7261897_SUTHERLAND CANYON,train
2017_7262048_LOCK,train
2017_7262081_RATTLE,train
2017_7262106_SPARTAN,train
2017_7262199_ISLAND,train
2017_7262231_TRUCKEE,test
2017_7262571_RUCKER,train
2017_7262768_LAST CHANCE,train
2017_7262808_MINK,train
2017_7262920_SIM,test
2017_7263326_CHALK FLAT,train
2017_7263356_STRAIGHT HOLLOW,train
2017_7263436_BREEZE,train
2017_7263468_WATER TOWER,train
2017_7263518_TYNER DUMP,train
2017_7263543_CR 2606,train
2017_7263567_CHURCH,train
2017_7263590_CRESTVIEW,train
2017_7263621_EAST RIM,train
2017_7263884_DERRICK,validation
2017_7263971_DINELY,train
2017_7264097_LIZARD,train
2017_7264466_TEACHER,train
2017_7264602_TOLICHA PEAK,train
2017_7264673_TIFFANY,train
2017_7265107_RATTLE 2,train
2017_7265138_COLE CREEK,train
2017_7265270_BEET DUMP,train
2017_7265291_DOLLY,train
2017_7265315_DITTO,train
2017_7265387_BOWIE,train
2017_7265559_PAIGE CREEK,train
2017_7265652_ALPINE,train
2017_7265708_CHETCO BAR,train
2017_7269186_ROCK,train
2017_7269202_WEST SAND,test
2017_7269270_SPUD ROCK,train
2017_7269299_MICROWAVE,train
2017_7269467_LODGEPOLE COMPLEX,train
2017_7270312_WAPITI,test
2017_7270407_KEYSTONE,train
2017_7271552_GRIZZLY 0415 OD,validation
2017_7271656_EARTHSTONE,train
2017_7272051_PEOPLES CREEK,train
2017_7272173_HIGH CASCADES COMPLEX,train
2017_7274291_CHERRY,train
2017_7274318_HEAD WATER,train
2017_7274496_NORSE PEAK,train
2017_7275898_TL PUP 316,validation
2017_7276365_BAFFIN 2,train
2017_7276403_JULY,train
2017_7276880_SOUTH FORK HILL,train
2017_7277012_ROSEBUD,test
2017_7277163_HARMON CO. RIVER FIRE 2017,train
2017_7277222_DELUZ,validation
2017_7277353_HONEY RUN,train
2017_7277364_KELSAW CANYON,train
2017_7277432_TAMARACK,train
2017_7277853_DESERET,train
2017_7277900_CRUCIFIXION CREEK,train
2017_7278047_OAK,train
2017_7278086_WALLOW,train
2017_7278155_LIMERICK,validation
2017_7278367_CEDAR HILLS,train
2017_7278443_PATROL RIDGE,train
2017_7278719_FERRY CANYON 0878 RN,train
2017_7278759_MILLI 0843 CS,test
2017_7280190_DUPONT,train
2017_7280325_BELCHER,test
2017_7280358_MIRADOR,test
2017_7280520_PILOT VALLEY,test
2017_7280621_DOUGLAS,train
2017_7280652_SPRING GLADE,train
2017_7280716_ETNA,train
2017_7280760_DOLLAR,validation
2017_7280860_HORN BUTTE 0594,train
2017_7280888_TRIPLE RANCH,train
2017_7281015_SAGE HILLS,test
2017_7281106_183 FIRE,train
2017_7281127_LITTLE VALLEY,train
2017_7281170_400,train
2017_7281292_YOOPER,train
2017_7281324_MAPLE CREEK 2,train
2017_7281425_EAST CATO,train
2017_7281489_MUFFLER,validation
2017_7281509_BOGEY,train
2017_7281534_WEST,train
2017_7281574_TURN TABLE FIRE,train
2017_7281604_CROW MOUNTAIN,train
2017_7281837_TRAIL,train
2017_7281891_SARPY CREEK,train
2017_7281947_EAST SADDLE,test
2017_7282074_REEF,train
2017_7282134_TONY,validation
2017_7282192_TANK HOLLOW,train
2017_7283212_MADISON MAINLINE,train
2017_7283299_BLACK,train
2017_7283748_MAYNARD,train
2017_7283814_SHEEP SPRINGS 0341 CS,train
2017_7283988_FRAGUITA,train
2017_7284134_PUDDLE,train
2017_7284185_HORSE VALLEY,train
2017_7284210_GAUTIER RD,train
2017_7284233_WILLIE RD,train
2017_7284257_SALLY,train
2017_7284287_PINE MOUNTAIN,train
2017_7284298_DAIRY FARM,test
2017_7284318_PINEY WOODS,train
2017_7284337_BEE,test
2017_7284380_WATSIMOIE,test
2017_7284438_Q AND 140TH,train
2017_7284456_HIGHLANDS,train
2017_7284499_HIGHWAY,train
2017_7284842_MAGGIE,train
2017_7284934_JENNINGS,train
2017_7285033_TWO MILE CREEK,train
2017_7285105_KIZER 35,train
2017_7285153_MT. MORIAH  AVE. FIRE,train
2017_7285169_FAITH DR. FIRE,train
2017_7285184_HOWELL,validation
2017_7285240_CLUB HOUSE RD. FIRE,train
2017_7285255_80TH STREET FIRE,train
2017_7285286_PROSPECT ROAD,train
2017_7285334_ROLLS,train
2017_7285434_RANCH,train
2017_7285490_MUD LAKE,train
2017_7285510_NORTH SPRING MOUNTAIN,train
2017_7285535_COUSINS,train
2017_7285562_SHALLER RANCH,train
2017_7285618_MARY C ROAD,train
2017_7285638_CANEY BAY FIRE,validation
2017_7285711_WILDERNESS LANDING CAMPGROUND,train
2017_7285789_SPRUCE LAKE,train
2017_7286280_ROUTE 8,validation
2017_7286409_ABERDEEN 2,train
2017_7286506_KENWOOD 15,train
2017_7286531_RED FOX,validation
2017_7287043_EAST GARLAND,train
2017_7287071_SONNYS,train
2017_7287204_56,train
2017_7287266_SR100 COUNTY LINE,train
2017_7287406_BUCKHORN,train
2017_7287435_CATTLEE,train
2017_7287454_COW LOT,test
2017_7287464_CANDLE,train
2017_7287490_WOOD,train
2017_7287536_TOLL,train
2017_7287796_SQUIRREL,test
2017_7287941_SCHOOL SECTION,validation
2017_7288008_DILLON,train
2017_7288039_MIAS,train
2017_7288259_ARRASTRA CREEK,validation
2017_7289175_BARREN RIDGE,train
2017_7289243_WOLVERINE,train
2017_7289693_DODGE,test
2017_7289741_ISSAC LAKE,validation
2017_7289840_SAWMILL,train
2017_7289877_LOWER TWIN,train
2017_7289940_JOE LEWIS,train
2017_7289955_WOOLBIRGHT,train
2017_7289992_MCMILLAN RD,train
2017_7290016_LITTLE FOURCHE,validation
2017_7290042_GETTIN DOWN MOUNTAIN,train
2017_7290068_GAINESCREEK BOROUGH RD,train
2017_7290093_WALKER,train
2017_7290128_BUFFALO ONE,test
2017_7290145_TINSLEY CEM ROAD,train
2017_7290159_J WRAY,train
2017_7290207_NORTH FORK,validation
2017_7290270_POCKET,train
2017_7290294_LAZY R,test
2017_7290397_POTATO HILLS,train
2017_7290420_AIRPORT ROAD,validation
2017_7290443_BRUSHY CREEK,train
2017_7290467_INDUSTRIAL ROAD,train
2017_7290476_HARGROVE,train
2017_7290520_SWINGING BRIDGE,train
2017_7290547_DAVIS MILL FIRE,train
2017_7290559_119 ROAD,validation
2017_7290592_CR 209,train
2017_7290621_CR 209,train
2017_7290658_LITTLE BUCK,validation
2017_7290675_AREA CREEK,train
2017_7290752_COWBOY,validation
2017_7290863_WILSON,train
2017_7291152_COYOTE CREEK,train
2017_7291210_DRY CREEK,train
2017_7291615_ROGERS MOUNTAIN,test
2017_7291750_PINE TREE,train
2017_7291860_KELSEY CREEK,train
2017_7292314_CHAIN,train
2017_7292779_RIGDON POINT,train
2017_7292800_COOPER RD (07),train
2017_7292820_CHEROKEE,test
2017_7293073_REDWOOD VALLEY INCIDENT,test
2017_7293146_NUNS,train
2017_7293158_EDWIN LADNER RD,validation
2017_7293180_CENTRAL LNU COMPLEX,train
2017_7295260_WHITTIER,train
2017_7298051_WF PERKINS BLOWOUT,train
2017_7298091_VISTA,validation
2017_7298198_OTCHIPWE,train
2017_7298210_JOHNNY CREEK,test
2017_7298232_TRIPLE CROSSING,train
2017_7298299_FLY CREEK,test
2017_7298319_CASTLE CREEK,train
2017_7298352_BRAVO17,train
2017_7298623_COHAGEN,train
2017_7298659_DAVIS,validation
2017_7298687_MILE MARKER 173,train
2017_7298705_NORTHWEST MEADOW PEAK,train
2017_7298734_LAZIER CREEK 3,train
2017_7299102_COYOTE,train
2017_7299155_MAGPIE,train
2017_7299437_GRUBB,train
2017_7299484_5TH STREET,train
2017_7299551_DOUGLAS,train
2017_7299840_MUSKRAT FIRE,train
2017_7299874_MURPHY LANE,train
2017_7299907_DOBE,train
2017_7300040_IRON POINT,train
2017_7300090_TWEEDS NORTH,test
2017_7300205_TWEEDS SOUTH,train
2017_7300331_MOTHER'S DAY,train
2017_7300408_WOOLARD,validation
2017_7300461_SIRMONS,validation
2017_7300504_BITTER CREEK,train
2017_7300563_SLIDEROCK,train
2017_7300882_ASPEN,train
2017_7301017_BARRETT SPRINGS,train
2017_7301055_DRY LAKE,train
2017_7301076_LIMBO,train
2017_7301112_POWERLINE,test
2017_7301166_CEDAR,train
2017_7301225_TRANSFER,test
2017_7301287_BIG ELK,validation
2017_7301461_BIG BEAR,train
2017_7301501_DRY CREEK BUTTES,train
2017_7301562_MURPHY FLAT,train
2017_7301622_HAYSTACK ROCK,train
2017_7301677_LITTLE HOGBACK,train
2017_7301767_RIVER RANCH,train
2017_7301836_HAPPY CREEK,train
2017_7301877_TABOR FLATS,train
2017_7302117_DIAMOND BUTTE,train
2017_7302152_KING VALLEY,train
2017_7302218_ELEPHANT,train
2017_7302253_BOBCAT PASS,train
2017_7302396_TAULK,validation
2017_7302416_FAIRHILL,train
2017_7302474_BREEDEN BRANCH ROAD,test
2017_7302571_HAMPTON 1126 RS,test
2017_7302698_HARD ROCK,test
2017_7302734_LION,train
2017_7303123_FRUIT FARM FIRE,train
2017_7303281_IRON SPRINGS,train
2017_7303375_PRONGHORN,train
2017_7303439_KRITSER EAST,train
2017_7303497_LITTLE HARBOR,validation
2017_7303584_JACKSONVILLE,train
2017_7303686_TREMBLING,validation
2017_7303743_RASBERRY,train
2017_7303780_MINERVA 5,validation
2017_7305559_MARGARITA,train
2017_7305618_FREEMAN,train
2017_7305641_RUCKER,train
2017_7305871_DRINKARD RD FIRE,train
2017_7305884_SPOCOGEE,train
2017_7305918_BROKE FENCE,train
2017_7305993_OLD BALDY,test
2017_7306018_ROCK CREEK,train
2017_7306046_R O B FIRE,validation
2017_7306074_GROOVERVILLE RD FIRE,test
2017_7306089_CAICOS COURT,train
2017_7306106_COMPARTMENT G-06 FIRE,train
2017_7306170_TAG HOLLOW,train
2017_7306222_ENCINO,train
2017_7306281_SANDY,train
2017_7306315_BEAUVAIS,train
2017_7306386_HOLLYWOOD,train
2017_7306427_TWIN BUTTES,train
2017_7306458_POKER BROWN,train
2017_7306495_MIDDLE MOUNTAIN,validation
2017_7306530_GOAT,test
2017_7306597_STONE CHURCH,train
2017_7306656_GRAVEL,train
2017_7306825_PORTAGE,train
2017_7306914_QUEENIE M. JOHNSON RD.,train
2017_7307006_MOE PEAK,train
2017_7307072_EMPIRE,test
2017_7307817_DEN BRANCH,train
2017_7307859_OAKWOOD,train
2017_7307947_HUNTER,train
2017_7308082_HIGHLINE,train
2017_7308884_HANOVER,train
2017_7310252_114 NEW RIVER,train
2017_7310323_WHITES,train
2017_7310464_HOLIEST LAND,train
2017_7310497_HOLIDAY,train
2017_7310571_CUTOFF,train
2017_7310652_CARTER PARKWAY,train
2017_7310736_CANAL GROVES,train
2017_7310801_TRAPPER,train
2017_7310828_TEE,validation
2017_7310894_NELSON CREEK,train
2017_7311209_CRASH CREEK,train
2017_7311285_RANKIN,validation
2017_7311430_DITCH #2,train
2017_7311454_DELANO,train
2017_7311731_TAPPAN,train
2017_7311853_LITTLE HUFF,validation
2017_7311862_PAD FORK,train
2017_7311871_LATROBE INCIDENT,train
2017_7311972_LITTLE,train
2017_7312022_SCHODDE,train
2017_7312047_GLOVER,train
2017_7312071_G ROAD,train
2017_7312100_FRYE,train
2017_7313959_SANER,train
2017_7314071_SARTIN DRAW,train
2017_7314285_VALMY,train
2017_7314322_TOHAKUM 2,train
2017_7314716_TIMBER PEAK,train
2017_7314782_MILLER CREEK,train
2017_7314835_KIRBY RANCH,train
2017_7314895_BIG BRANCH FIRE,train
2017_7314907_BAKERS CREEK,train
2017_7314931_SAWMILL,train
2017_7315293_LAUREL CREST FIRE,train
2017_7315337_AMERICAN,train
2017_7315752_BEAN,train
2017_7315795_YOUNG,train
2017_7316062_CROWN,train
2017_7316237_MM 83,validation
2017_7316271_REBEL,train
2017_7317722_BEAR,train
2017_7318097_HALONA,train
2017_7318106_GAP,train
2017_7318200_SADLER,train
2017_7318316_ROSE,train
2017_7318361_HAYES ROAD,train
2017_7318507_POWERLINE,test
2017_7318879_WILDOMAR,train
2017_7319195_LUCKY,train
2017_7319256_COE,train
2017_7319456_R-4,train
2017_7319599_MOUNT TOM,train
2017_7319625_MOOSE PEAK,train
2017_7320458_CUB CREEK,train
2017_7320482_WEST FORK,train
2017_7321366_READER,train
2017_7321395_COAL,test
2017_7321498_SNAKE,test
2017_7321608_SPRAGUE,train
2017_7322852_FRENCH,train
2017_7323002_WHYCHUS 0814 CS,train
2017_7323138_GALLO PEAK,train
2017_7323226_MCCULLY,train
2017_7323579_UPPER MIDWAY,validation
2017_7323637_ELK RUN,train
2017_7323705_TF 17,train
2017_7323775_MONITOR,train
2017_7323846_7 MILE,train
2017_7323893_WILDHORSE,train
2017_7323971_MM 417,train
2017_7324024_GRANITE CREEK,validation
2017_7324066_GARDEN,train
2017_7324282_WEST,validation
2017_7324332_PEAVINE,train
2017_7324388_WEASEL,test
2017_7324601_INDIGO,test
2017_7324760_OVERLOOK,train
2017_7324788_PLEASANT,train
2017_7325028_SOAKEM,train
2017_7325132_HELENA,train
2017_7327215_POLE CREEK,train
2017_7327346_GLADE 3,train
2017_7327400_GLADE #3,train
2017_7327414_PILCHUCK 2,train
2017_7327433_SUIATTLE,train
2017_7327617_ROADRUNNER,train
2017_7327671_CRESTVIEW 2,test
2017_7327713_LONESOME #2,train
2017_7327745_BERRY,validation
2017_7328359_BRIDGE 2,train
2017_7328494_DEEP CREEK,test
2017_7328536_POTATO HILL,validation
2017_7328867_BLOW UP,train
2017_7328924_SUMMIT COMPLEX,train
2017_7329245_DRAPER,train
2017_7329323_STALK FIRE,train
2017_7329333_SKELETON,train
2017_7329391_SKEGGS,test
2017_7329480_TRACKS AND TRAIL,train
2017_7329525_SOD FARM 2,train
2017_7329935_RAILROAD,train
2017_7331549_MCKAY 1035 NE,train
2017_7331777_SLIDE,train
2017_7331796_PANTHER,train
2017_7331841_BINGHAM,train
2017_7331854_COFFEE,train
2017_7331913_EASTMAN,train
2017_7331970_FORKED,train
2017_7332107_PONDEROSA,test
2017_7332798_JADE CREEK,test
2017_7333161_MUD,train
2017_7333250_BELL MOUNTAIN,test
2017_7333352_SLINKARD,train
2017_7333974_BOUNTIFUL,train
2017_7334048_PINEY,train
2017_7334104_NAYLOX,train
2017_7334181_JONES,train
2017_7334240_VISTA,validation
2017_7334297_COTTONWOOD,test
2017_7334456_EDNA,train
2017_7334715_STANLEY,train
2017_7334730_SULPHUR SPRINGS RD,train
2017_7334767_BEALE,train
2017_7334993_ECHO SPRINGS,train
2017_7335143_CAMPER,train
2017_7335225_CORNFIELD,train
2017_7335265_ELM 2,train
2017_7335456_WOLF,test
2017_7335522_SCHAGHTICOKE FIRE,train
2017_7335567_STRINGTOWN,train
2017_7335591_CLUSTER,train
2017_7335668_TOMS MILL,train
2017_7335748_LADY BUG,test
2017_7335831_GRADE,train
2017_7336175_HORSE CREEK,train
2017_7336237_OVERPASS #1,train
2017_7336279_504,test
2017_7336310_JUNE,test
2017_7336725_PEAK 2,train
2017_7337181_HORSE CREEK COMPLEX,test
2017_7338270_PARKER2,train
2017_7338871_INDIAN,train
2017_7339239_MORGAN CREEK,train
2017_7339354_TINY SPRUCE FIRE,train
2017_7339390_OLD FREEZEOUT,train
2017_7339454_LA TUNA,train
2017_7339534_NATICK,validation
2017_7339615_MITCHELL,train
2017_7339701_SAND POINT,validation
2017_7339773_PEEKABOO,train
2017_7340240_SH CREEK,test
2017_7340483_COD DR,train
2017_7340524_DRY DIGGINS,train
2017_7340576_MM106 I84,train
2017_7340662_CROWDER,test
2017_7340665_EAST LYNN CAMPGROUND,train
2017_7340680_BLUE BAY,train
2017_7341353_SHAN CREEK,train
2017_7341575_MENDENHALL,train
2017_7341704_PAINTED HILL,train
2017_7341854_FISHER,train
2017_7341939_CARIBOU,train
2017_7343327_TOM BALL CREEK,test
2017_7343355_UMPQUA NORTH COMPLEX,train
2017_7345588_BELKNAP 0837 PR,test
2017_7345751_CREEDENCE,train
2017_7345781_INTERNATIONAL,train
2017_7345905_WHITMAN,train
2017_7346235_BATTLE,train
2017_7346313_GREMLIN,train
2017_7346419_SECRET CANYON,train
2017_7346480_STEER PARK,train
2017_7346515_ELDER CREEK,train
2017_7346724_NIGHTINGALE,train
2017_7346754_JONES,train
2017_7348745_HOPE MOUNTAIN,validation
2017_7348828_RAGGED POINT,train
2017_7348864_WILLOW CREEK,train
2017_7348941_BANJO,train
2017_7348982_ZULU 7,train
2017_7348995_BEN,train
2017_7349190_GENTRY,test
2017_7349445_DRAGONFLY,train
2017_7349496_CR19,validation
2017_7349550_CRISTIANITOS,train
2017_7349669_LESNA PEAK,train
2017_7349766_HOBSON,train
2017_7349805_DRY HOLLOW,train
2017_7349902_SPEEDGOAT,train
2017_7349937_TRAPPER CREEK,train
2017_7350004_TIMPIE SPRINGS,train
2017_7350049_POISON SPRING,train
2017_7350063_NAVAJO MTN 1,train
2017_7350177_STALEY,train
2017_7350815_SEPARATION,train
2017_7350855_JOLLY MOUNTAIN,train
2017_7352774_JACK CREEK,validation
2017_7352900_CAJETE,train
2017_7353352_NASH,test
2017_7353508_WILDCAT 0284 PR,train
2017_7353565_SLAVEN,test
2017_7353623_NORTH MILLSAP,train
2017_7353701_CHOKE CHERRY,validation
2017_7354220_UNION CREEK,train
2017_7354301_HIGH DESERT COMPLEX,train
2017_7354388_ROOSTER CREEK,train
2017_7354412_CENTENNIAL,train
2017_7354584_LEAD PLACE,train
2017_7355010_BRIANHEAD,train
2017_7356920_ZERMATT,train
2017_7356976_MACK SHAFT,validation
2017_7357230_LIGHTNING,train
2017_7357332_HAWK,train
2017_7357394_TAYLOR CANYON,train
2017_7357510_CHASE SPRING,train
2017_7357560_FLOWER PASS,train
2017_7357610_BOLES,train
2017_7357911_JONES,train
2017_7358143_LAKE,train
2017_7358338_BIXEL,train
2017_7358373_HOLCOMB,validation
2017_7358934_ANA,train
2017_7359158_SURVEY,train
2017_7359176_KELTON,train
2017_7359240_DIAMOND A,train
2017_7359317_DANNER,train
2017_7359391_FAY,train
2017_7359637_PATERSON SLOUGH,train
2017_7359700_ONAQUI MOUNTAIN COMPLEX,train
2017_7359846_SHAW SPRINGS,validation
2017_7359891_ELEPHANT,train
2017_7359932_GRASSY HILLS,train
2017_7359998_STAG,train
2017_7360110_BRUNER MOUNTAIN,train
2017_7360290_TUPPER CORRAL,train
2017_7360363_L ROAD,test
2017_7360469_ALAMEDA,train
2017_7360562_SPROMBERG,train
2017_7360665_PETTIBONE,train
2017_7360708_BIG RED,train
2017_7361047_DEER PEN,train
2017_7361105_JOE BARKER RD FIRE,train
2017_7361139_ROMERO,train
2017_7361201_MONAHAN,train
2017_7361376_VANCE MOUNTAIN,train
2017_7361519_MAXWELL BUTTE,train
2017_7361601_HORSE TRAIL,train
2017_7361652_SEVEN,train
2017_7361713_303,train
2017_7361862_HONEYMOON,train
2017_7362033_REMINGTON,train
2017_7362145_STALEY,train
2017_7362191_CANYON,train
2017_7362311_EAST FORK,train
2017_7362960_HOPKINS,train
2017_7362985_GARDNER FARM LANE,train
2017_7363001_HIBISCUS,train
2017_7363028_HACKEL,test
2017_7363060_UNION CAMP,train
2017_7363235_BAY HORSE,train
2017_7363259_LONESOME,train
2017_7363292_TUNGSTEN,train
2017_7363739_OLD MAN,validation
2017_7363775_EAGLE CREEK,train
2017_7365269_ANDYS HUMP,train
2017_7365356_TWIN SPRINGS,train
2017_7365423_BANDERA,train
2017_7365465_PRATER,train
2017_7365540_POSLIN,train
2017_7365785_MILL,train
2017_7365913_CLEAR CREEK,train
2017_7366010_TUCKER,train
2017_7366054_STAGE,test
2017_7366105_LIBERTY,train
2017_7368253_COUNTY N FIRE,train
2017_7368289_BELL FIRE,train
2017_7368345_TANK,validation
2017_7368389_BLACK CAP,train
2017_7368479_UPPER WHITE CAP,train
2017_7368588_PARK,train
2017_7369096_OIL WELL,validation
2017_7369215_NORTH PELICAN,train
2017_7370224_ALPHA 1,train
2017_7370238_BRUSH CREEK,train
2017_7370290_PUNCHEON CREEK #2,train
2017_7370313_POWERLINE,train
2017_7370343_ONE BRAVO,train
2017_7370451_NE 212TH ST,test
2017_7370513_LOST CREEK,train
2017_7370537_NEWMANS LANE,train
2017_7370551_CURRY 11,train
2017_7370595_MIDWAY 1,train
2017_7370759_MACK FARM NORTH,train
2017_7370825_PALMER,train
2017_7370976_GRASS VALLEY,train
2017_7371181_CEDAR MOUNTAIN,train
2017_7371366_HONEYVILLE,train
2017_7371486_BALLINGER,train
2017_7371566_CHUTE CREEK,train
2017_7371743_STATELINE,train
2017_7371850_WINTER,train
2017_7371888_NORTH CO. LINE,train
2017_7371971_ROCKING CHAIR RANCH,train
2017_7372020_MM 87 ON 75,test
2017_7372210_BLACKPOINT,train
2017_7372368_POTOSI,train
2017_7372518_RUTH COMPLEX,validation
2017_7373377_CEDAR,train
2017_7373517_BRIDGE CREEK,train
2017_7374754_CARRINGTON ISLAND,validation
2017_7374869_FREEZE 2,train
2017_7375208_TONGUE RIVER COMPLEX,train
2017_7375651_TULLOCK COMPLEX,test
2017_7375737_CDT,train
2017_7375812_DAFFODIL,test
2017_7375853_ARROW HEAD,train
2017_7376037_BUCK RASPBERRY,test
2017_7376054_BURRO,train
2017_7376598_BANDERILLA,train
2017_7376655_LONE PINE 0496 RN,train
2017_7376758_UNIT 12 AFTERNOON FIRE,test
2017_7376786_BRIDGER CANYON 2,train
2017_7376820_LIGHTNER CREEK,train
2017_7377046_GIMME,train
2017_7377135_PEAVINE 16,train
2017_7377201_YERGER LANE,train
2017_7377210_MISSON RD,test
2017_7377227_POLE FIRE,train
2017_7377240_BARD'S BRIDGE FIRE,train
2017_7377328_DIABLO,test
2017_7377349_VIKING,train
2017_7377371_COYOTE,train
2017_7377432_PAYAN,train
2017_7377511_GARDEN,train
2017_7377553_JAYHAWK WELL,train
2017_7377576_COTTON,train
2017_7377619_SALMON AUGUST COMPLEX,train
2017_7380972_WINDMILL FIRE,train
2017_7381044_STONE,train
2017_7381131_GOOSE LAKE,test
2017_7381147_LOVERIDGE,train
2017_7381199_HOLMAN,train
2017_7381266_GARZA,train
2017_7381924_BLEVINS,train
2017_7381969_DRY HILL,train
2017_7382007_ORLEANS COMPLEX,test
2017_7385094_LAGOON,train
2017_7385265_QUARRY,train
2017_7385482_HILL FIRE COMPLEX,train
2017_7385500_PIER,train
2017_7388086_EAST CRATER,validation
2017_7388250_2645 SOUTH,train
2017_7388298_ANTELOPE,train
2017_7388381_CHINN,test
2017_7388546_RIM,train
2017_7388857_PEAK,train
2017_7389083_HIMES PEAK,validation
2017_7389261_ROOSTERS COMB,train
2017_7389700_GOLD,train
2017_7389799_BINGER,validation
2017_7389829_DEER RUN,train
2017_7389904_YOUNG,train
2017_7389930_BOWERS RANCH,train
2017_7389998_CACTUS,train
2017_7390092_PRADA DRIVE,train
2017_7390159_NELAKA,validation
2017_7390289_FAIRVIEW 2,test
2017_7390343_ROCK CREEK,train
2017_7390372_STERLING,train
2017_7390502_OXBOW,train
2017_7390590_THACKER,train
2017_7390636_DEER CREEK,validation
2017_7390741_SODA,train
2017_7390969_GIBRALTER RIDGE,train
2017_7392439_FORK,train
2017_7392510_MCCARTY RANCH,validation
2017_7392589_NEEDLE 2,train
2017_7392629_RABBIT CREEK,train
2017_7392674_SOUTH RUM CREEK,validation
2017_7392729_HIGHLINE,train
"2017_7393506_227,55 ROAD",test
2017_7393518_IMPERIAL LANE,validation
2017_7393532_SCARBERRY,validation
2017_7393563_ROUND TOP,train
2017_7393753_SNAKE RIVER,train
2017_7393842_LAVERNE,train
2017_7393855_DUTCHMAN,train
2017_7393932_DUNCAN,train
2017_7393972_DUNE,train
2017_7394039_COAL,train
2017_7394096_POLE CREEK,train
2017_7395634_BRYANT 2,train
2017_7395966_MAMMOTH CAVE,train
2017_7396195_MAGPIE,train
2017_7396234_ECLIPSE COMPLEX,train
2017_7399884_CHRIS,train
2017_7399998_WHITEHAWK,train
2017_7400136_POTATO,train
2017_7400161_FALCON COMPLEX,train
2017_7401267_TL COUGAR CUB,train
2017_7401269_TL COUGAR 284,train
2017_7401283_BEAR BUTTE,test
2017_7401769_INDIAN LAKE,train
2017_7401868_NW SOUTH UNIT,train
2017_7401942_NORTH POLE 0900 RN,train
2017_7402013_BREGNEDALGADE FIRE,train
2017_7402028_COOPERTON,test
2017_7402057_NENA SPRINGS,train
2017_7402693_BUTTE,train
2017_7402937_SHOESTRING,train
2017_7403075_DUTCH MOUNTAIN,train
2017_7403105_BLAINE,train
2017_7403208_BUCK,train
2017_7403723_FLOUNCE,train
2017_7403939_WOLD,train
2017_7403973_CLARKS CREEK,train
2017_7404051_S.E. 150TH AVE. RD.,train
2017_7404073_CROUSE FIRE,test
2017_7404082_30TH AVE,train
2017_7404619_ANCLOTE BRANCH,train
2017_7404777_DALLUS CREEK,train
2017_7404917_SHEEP COMPLEX,train
2017_7405008_BLACKTAIL,train
2017_7405257_BEARSKIN,train
2017_7405931_DOLLY VARDEN,train
2017_7406030_SCALP,train
2017_7406175_HULT BUTTE,train
2017_7406221_POTATO,validation
2017_7406298_DESOLATION 1135 PR,test
2017_7406834_BRUSHY,train
2017_7406936_PHILLIPS CAMP,train
2017_7406967_ISAND CREEK,train
2017_7406986_SNOWSHOE,test
2017_7407201_BREAK 5,train
2017_7407242_HOLMES GULCH,train
2017_7407361_OWYHEE,test
2017_7407447_SADDLE,train
2017_7407507_AIRPORT,train
2017_7407627_535 FIRE,train
2017_7407689_DITCH CREEK,train
2017_7407873_MITCHELL,train
2017_7407937_245 FIRE,train
2017_7408049_HWY 35N,train
2017_7408072_SHEEP RANCH RD,train
2017_7408104_BLAIR CEMETERY,train
2017_7408147_MILLS CREEK,train
2017_7408160_SANDHILL,test
2017_7408173_HONEYCUT BRANCH,test
2017_7408192_FELLHOELTER,train
2017_7408207_VERKLER,train
2017_7408225_CANYON,train
2017_7408707_LOST,train
2017_7408721_WEST,train
2017_7408753_EDWARDS,train
2017_7408776_1026,test
2017_7409074_TURNER SOUTH,train
2017_7409132_CHARCOAL,train
2017_7409185_GUESSES FORK 1,train
2017_7409209_BUFFALO RUN,train
2017_7409255_FLAGG LAKE,test
2017_7409317_TANNER 2,train
2017_7409331_BASS,validation
2017_7409345_SAND CREEK FIRE,validation
2017_7409397_VANWINKLE,train
2017_7409410_DUKE,train
2017_7409457_WOLF CREEK,train
2017_7409546_BUTTE,train
2017_7409665_2018 NORTH SARGENT WF,train
2017_7409797_ADVENT GULCH,train
2017_7409845_SCHOOL HOUSE 2 (38),train
2017_7409893_CAPITAN,train
2017_7409922_WILSON,train
2017_7410617_SPIRES,train
2017_7410666_TARINA,validation
2017_7410779_RESERVOIR ROAD,train
2017_7410800_HIDDEN,train
2017_7410865_LITTLE LAUREL CREEK,validation
2017_7410879_SHADDOX,train
2017_7410934_MIZE 2,train
2017_7411036_WHITE OAK,train
2017_7411062_MOOREFIELD,train
2017_7411078_ACORN,train
2017_7411091_BIG BARN,train
2017_7411135_WOLFPEN BRANCH,train
2017_7411198_GORHAM,train
2017_7411213_HWY36 AND RD2,train
2017_7411230_LEGION LAKE,train
2017_7411502_CREEK,train
2017_7412619_HILL,train
2017_7412652_EASTSIDE LANE (64),validation
2017_7412752_RYE,train
2017_7413152_NEELY ROAD,validation
2017_7413163_LIBERTY,train
2017_7413290_LUCIOUS RD,train
2017_7417150_MATEWAN,train
2017_7417160_PERRY FORK,train
2017_7417174_ROCKHOUSE-SPRING BRANCH,train
2017_7417188_MCSMITH RD,train
2017_7417214_MOUNT SINAI RD,validation
2017_7417250_MILE MARKER 66,train
2017_7417260_UPPER TURNER,test
2017_7417270_SLATE CIRCLE,train
2017_7417304_CR 7301,validation
2017_7417327_HWY 25,train
2017_7417350_POWER LINE 53 (54),train
2017_7417401_220,train
2017_7417428_FOILAGE COURT,train
2017_7417439_CR 267,train
2017_7417485_JASPER,test
2017_7417545_POND,test
2017_7417595_SPARROW HAWK,train
2017_7417623_WEST SPRING MOUNTAIN,test
2017_7417648_FOX CHASE RD (23),train
2017_7417681_MORRELL RD (12),train
2017_7417700_ALEXANDER,train
2017_7417717_CAVE,train
2017_7417793_NEDS BRANCH,validation
2017_7417803_LENOX,train
2017_7417867_COXES CREEK #7,train
2017_7417939_WHITELY,train
2017_7418018_WHIPPOORWILL RD,train
2017_7418067_KILO,train
2017_7418080_SKIRBALL,train
2017_7418460_LILAC 5,test
2017_7419088_HWY 8 E,train
2017_7419133_WILLIAMSON,train
2017_7419143_BEAR CREEK CIRCLE,train
2017_7419189_TWILIGHT,train
2017_7419201_WEBB RD,validation
2017_7419247_BOXLEY,train
2017_7419261_SMOKEY CREEK ROAD #3,train
2017_7419286_HASTINGS COMPLEX,train
2017_7419337_WINDSPLITTER,train
2017_7419360_BRINKLEY SPRINGS ROAD,train
2017_9032329_LONG RIDE (35),train
2017_9032537_AD ROAD FIRE,train
2017_9258165_THOMAS,test
2018_10670096_NORTH CURRY ISLAND (22),train
2018_9010929_ROZELL,train
2018_9010987_MAJOR DRIVE FIRE,test
2018_9011002_CASTLEBERRY,test
2018_9011016_TENSAW,train
2018_9011039_CALI,train
2018_9011081_CLEAR CREEK,train
2018_9011139_HORSE PARK,test
2018_9011407_EAGLE CANYON FIRE,train
2018_9011463_BIG HAMMOCK,train
2018_9011475_GIBSON RD,train
2018_9011532_SAN ANTONIO,train
2018_9011985_SMOKEY MOUNTAIN RD (09),train
2018_9012024_COTTONWOOD,train
2018_9012167_COLDWATER,test
2018_9012267_OCALA WAY,train
2018_9012292_UPPER HILLSBOROUGH,validation
2018_9012351_NORTH COUNTY ROAD 7,train
2018_9012433_DEER PARK,train
2018_9012574_COUNTRY HAVEN ROAD FIRE,validation
2018_9012587_WPA RD,train
2018_9012626_BRUNER,train
2018_9012694_PRINGLES,test
2018_9012709_CRAIG ROAD14:04,test
2018_9012754_CARBON,train
2018_9012849_SHAW,train
2018_9012895_MITCHELL RD,train
2018_9012919_FUDGE FIRE,test
2018_9012935_MILLIRON,train
2018_9013016_HARBOR BAY,train
2018_9013122_HORSE,test
2018_9013150_GATE MOUNTAIN,train
2018_9013271_ANTLERS LANE,train
2018_9013280_WHITE'S BR,validation
2018_9013293_RUSH LAKE FIRE,train
2018_9013352_MCDANNALD,train
2018_9013942_HORN HILL ROAD,train
2018_9013991_AVIAN COMPLEX,test
2018_9014638_ABBOTT,test
2018_9014681_OAK  FIRE,train
2018_9014691_ROCKY FLATS,train
2018_9014705_BRANCH ESTATES RD,train
2018_9014728_MEMORIAL,train
2018_9014765_369D,train
2018_9014789_SW ROAD,validation
2018_9014862_HOT FIRE,train
2018_9014879_HAMMOCK SOUTH (28),train
2018_9014913_CHAVES,train
2018_9015006_SABAL (48),train
2018_9015033_WARD,train
2018_9015055_RADCLIFF CIRCLE (67),train
2018_9015079_HWY 34&73,validation
2018_9015117_MEADOW ST (09),train
2018_9015141_RISHER STREET FIRE,train
2018_9015157_AUBREY ROAD FIRE,train
2018_9015170_HWY 64 FIRE,validation
2018_9015183_SPOOL,train
2018_9015253_BASCOME,train
2018_9015310_BLUE CREEK #2,train
2018_9015348_DRUMB,train
2018_9015394_WHY,train
2018_9015425_SAWMILL,train
2018_9015528_MEADOW,train
2018_9015625_HALE TOWN,train
2018_9015682_BOLLER,train
2018_9015697_CPI 7,train
2018_9015767_KNOB HILL,train
2018_9015867_GATE 13,train
2018_9015899_BLUEJAY STRUCTURE (10),test
2018_9015928_NORTH FORK - RICHFIELD CEMETARY,validation
2018_9015949_HOWARD RD,train
2018_9015972_3 C RD,validation
2018_9015995_BAKER RD,validation
2018_9016020_ORLANDO86,train
2018_9016056_DUNCAN HOLLOW,test
2018_9016097_VESTRY RD,train
2018_9016122_WILD HORSE,validation
2018_9016152_BONNY OAKS,train
2018_9016172_MASHBURN,train
2018_9016193_EDISON,train
2018_9016229_CHERRY,train
2018_9016244_WOODWARD MILL ROAD FIRE,train
2018_9016258_OLD HOUSE BAY,validation
2018_9016305_RAINBOLT HILL,train
2018_9016321_ELK VALLEY,train
2018_9016334_TAYLOR,train
2018_9016381_CARSON COUNTY GIN,train
2018_9016404_THUT CREEK,train
2018_9016459_TOMAHAWK,train
2018_9016481_HWY 94,train
2018_9016496_CARMAN,train
2018_9016558_380,train
2018_9016585_ROSE FORK,train
2018_9016623_287,train
2018_9016682_WOLFE CREEK,validation
2018_9016719_FLIPPIN,train
2018_9016731_FARMSTEAD ROAD,train
2018_9016741_WILBER,train
2018_9016770_WILLIAMS LAKE FIRE,train
2018_9016893_GHOST,train
2018_9016927_OLD BLADE LINE (53),train
2018_9017141_MASHUNKASHEY,train
2018_9017179_MM 117,train
2018_9017259_PIERSON,validation
2018_9017297_SELLER'S MT.,train
2018_9017342_SOUTH BOAT RAMP,train
2018_9017367_MILLS ROAD,validation
2018_9017377_AL PETTY COMPLEX,validation
2018_9017412_TRENTMAN,train
2018_9017479_OWL CREEK,test
2018_9017496_TOWER,train
2018_9017531_FOOT BRIDGE,train
2018_9017579_LEPRECHAUN,train
2018_9017714_KEEPER,train
2018_9017739_EAST BUFORD,train
2018_9017817_WEST BUFORD,validation
2018_9017905_CONTEXT FIRE,train
2018_9018088_MCCLELLAN,validation
2018_9018183_LENA,train
2018_9018225_MOFFAT,train
2018_9018370_EAST REYDON,test
2018_9018436_BAR 2,train
2018_9018463_SCULLIN,train
2018_9018497_2073 COMMAND,train
2018_9018585_BRAKE ROAD,train
2018_9018649_RATTLESNAKE,train
2018_9019570_TURKEY BURN,train
2018_9019616_DOLLAR POND,train
2018_9019653_LIGHTNING14,train
2018_9019665_MATAGORDA ISLAND,train
2018_9019748_HENDERSON,train
2018_9019774_MCGUIRE,train
2018_9019814_SOUTH ALABAMA,test
2018_9019861_RED HILL,train
2018_9019923_BIGGY,train
2018_9020028_RABBIT 22,test
2018_9020093_LANGDON,train
2018_9020108_CRANDALL,test
2018_9020165_FOURMILE,validation
2018_9020203_VANDERBURG,train
2018_9020255_FM 99,train
2018_9020328_CLEORA,train
2018_9020363_HERMIT,train
2018_9020388_BLUE BRANCH,train
2018_9020415_DOE RUN,test
2018_9020440_SALTERS CREEK ROAD,train
2018_9020459_GURLEY ROAD FIRE,train
2018_9020474_TRAIL 57,train
2018_9020561_2381,validation
2018_9020617_CEREZA,train
2018_9020655_NEW YEARS WF,train
2018_9020688_BEAGLEY,train
2018_9020723_APPLE,train
2018_9020965_BOBCAT RIDGE,train
2018_9021012_KIRKLAND POND FIRE,train
2018_9021068_BERRY,validation
2018_9021212_POINT SET MARSH,train
2018_9021271_FAKA-UNION (11),validation
2018_9021500_CARTER,train
2018_9021513_TRI CITY,train
2018_9021553_BELFAST KELLER RD,train
2018_9021590_JACK (28),test
2018_9021699_COPELAND (11),test
2018_9021727_BILBO RD,train
2018_9021759_JUNIPER CREEK EAST,train
2018_9021782_RED PASTURE,test
2018_9021840_RHEA,train
2018_9022250_BURKE RANCH,train
2018_9022290_PLOWED FIELD (13),train
2018_9022315_RAZORBACK MOUNTAIN FIRE,train
2018_9022393_CANADIAN RIVER,train
2018_9022492_EASTWOOD,train
2018_9022525_WADE,train
2018_9022536_WELCH LODGE,train
2018_9022564_DIENER CANYON,train
2018_9022938_COUNTY ROAD 56,train
2018_9022961_BOWER CITY,train
2018_9023042_BLUE WATER,test
2018_9023350_246,train
2018_9023560_ROADSIDE,train
2018_9023631_BUNKER SOUTH,train
2018_9023662_COMPARTMENT 4,train
2018_9023789_GOULD,train
2018_9023848_43,train
2018_9023874_GREEN POND,train
2018_9023913_206,train
2018_9023966_HAMDEN VINTON TWP FIRE,train
2018_9023977_DUTCHTOWN ROAD,train
2018_9023986_HIGH RIDGE PARK ROAD FIRE,train
2018_9023999_BUFFALO,train
2018_9024165_PRAIRIE DOG FORK,train
2018_9024216_HARDIN 20:46,train
2018_9024236_ROAD 3 #2,train
2018_9024251_SUGAR PINE,train
2018_9024749_412,train
2018_9024793_TARANTULA,train
2018_9024821_SE 140TH AVE (38),train
2018_9024853_LAWRENCE CO PVT DRIVE FIRE,train
2018_9024862_ROCK LEDGE,train
2018_9024872_HIGHWAY 107,train
2018_9024887_UPRIVER BEACON,train
2018_9024972_REYNOLDS LAKE,test
2018_9025231_HIDDEN VALLEY,train
2018_9025313_SEEP,train
2018_9025438_FOLLEY PARK,test
2018_9025533_DINGMAN ROAD,train
2018_9025542_HUNTERS FARM,train
2018_9025551_COTTONWOOD,train
2018_9025560_REIS,validation
2018_9025576_JACKIES BUTTE,train
2018_9025672_ROMTEC FIRE,train
2018_9025687_COUNTY 23,train
2018_9025696_CAMELLIA ST,train
2018_9025719_BEAR HOLLOW ROAD,train
2018_9025735_WINTER CAMP,train
2018_9025814_SOUTH UMPQUA COMPLEX,validation
2018_9026719_DOG CREEK,train
2018_9026949_UNION,train
2018_9027173_CHARETTE,train
2018_9027186_ROCK,train
2018_9027218_GREENWOOD 2,validation
2018_9027287_PAINE,test
2018_9027479_MARGIE,train
2018_9027500_JADED THUNDER,train
2018_9027526_BONITA DRIVE  (29),train
2018_9027553_BURRIS VALLEY FIRE,train
2018_9027589_ROCKY RIDGE,train
2018_9027615_116TH AVE SE (11),train
2018_9027689_NORTH FRANKFORT,train
2018_9027709_HICKORY HAMMOCK,test
2018_9027733_HWY 57,train
2018_9027757_ARRINGTON RANCH,train
2018_9027798_AIRPORT,train
2018_9027888_MIDWAY,train
2018_9027940_MIDNIGHT,validation
2018_9027986_SPOONBILL,train
2018_9028204_MT. GILEAD,train
2018_9028214_EAST 8 MILE,test
2018_9028241_BIG POND,train
2018_9028253_WALLEN HOLLOW,validation
2018_9028282_ROBERTSON,train
2018_9028320_BADGER HOLE,train
2018_9028341_PAUL COFFEE PARK,train
2018_9028355_COMMERCE,train
2018_9028381_APACHE COMPLEX,train
2018_9028527_CHURI,test
2018_9028708_PINERY,train
2018_9028820_SOMBRERO,test
2018_9028871_SINGLETARY ROAD (41),train
2018_9028909_SAND MOUNTAIN CURVE (53),train
2018_9028938_METZ RD (35),test
2018_9028961_AVALON RD (33),train
2018_9028997_MILLER FERRY RD,train
2018_9029010_RATTLESNAKE HOLLER,train
2018_9029124_JUNGO,train
2018_9029154_ROOSTER MCCONAUGHEY,validation
2018_9029246_POLE SHED FIRE,train
2018_9029271_ALPACA FIRE,train
2018_9029362_ST. JOE FIRE,train
2018_9029402_SHAMROCK DR (36),validation
2018_9029451_TEST CENTER,train
2018_9029511_TRESSEL,train
2018_9029542_HEAD 2,train
2018_9029587_HOUSE,train
2018_9029674_ATOKA LAKE FIRE,train
2018_9029709_HIDDEN CREEK RD FIRE,train
2018_9029772_LAURIE AVE (03),train
2018_9029849_FLORA CHURCH,train
2018_9029869_FORK,train
2018_9029924_NURSERY ROAD,train
2018_9029990_EAST SIDE2,train
2018_9030020_BONEYARD LAKE RD,test
2018_9030073_NEWELL,validation
2018_9030164_57 NORTH,train
2018_9030191_WINDY LANE FIRE,train
2018_9030232_FISH HATCHERY FIRE,test
2018_9030246_WATERMELON (60),test
2018_9030326_RED HORSE,train
2018_9030386_RED OAK PEAK,train
2018_9030411_COUNTY MARKER,train
2018_9030433_CONVICT HILL,test
2018_9030514_SURPRISE 1,train
2018_9030550_BEAR PEN,train
2018_9030593_BOGUS RIDGE,train
2018_9030634_LANDERS WELL,test
2018_9030707_MOHAWK,train
2018_9030730_JOLLYVILLE,train
2018_9030784_COTTONWOOD,train
2018_9030850_BETHLEHAM ROAD FIRE,train
2018_9030863_OUSLEYDALE ROAD FIRE,train
2018_9030881_SIGNBOARD ROAD,train
2018_9030936_WOODS,train
2018_9031040_BULLY,train
2018_9031086_YOKE CREEK,train
2018_9031103_MCILROY,train
2018_9031147_MUD CREEK,validation
2018_9031158_FLAG POND (11),train
2018_9031259_HAIRPIN,train
2018_9031271_JANE SHAW ROAD,validation
2018_9031333_NORTH MILL,train
2018_9031356_EAST CUPCO,train
2018_9031389_JUNALUSKA 2,train
2018_9031460_CALESTOWN,train
2018_9031550_FRONTIER,train
2018_9031564_DEERTE,train
2018_9031625_CARSON MIDWAY,train
2018_9031641_ROCKY HILL ROAD FIRE,train
2018_9031674_SUMAC,train
2018_9031734_TORCH,train
2018_9031782_TEXACO ROAD,validation
2018_9031824_SPRINGS RANCH,validation
2018_9031910_BREWSTER,train
2018_9031957_RAVENDEN,train
2018_9031979_PETERSON CREEK FIRE,train
2018_9032015_MUD DAUBER ROAD (53),train
2018_9032056_MT. SINAI CHURCH RD. FIRE,test
2018_9032070_GATOR CROSSING (56),train
2018_9032116_MARCH 7,train
2018_9032160_POST OFFICE,train
2018_9032226_BLUFF FIRE,train
2018_9032258_BUTTERCUP FIRE,train
2018_9032300_WILL LUCAS RD,train
2018_9032357_TURKEY CREEK,train
2018_9032411_62,test
2018_9032556_BEAVER DAM CK,test
2018_9032575_ROGUE DOZER,train
2018_9032616_WINDMILL,train
2018_9032647_SPLIT TROUGH 2,test
2018_9032694_BASKETBALL,train
2018_9032710_POWDER MILL LAKE,test
2018_9032769_NORTH MCNALLY,validation
2018_9032834_STIDHAM CREEK,train
2018_9032883_TINDER,test
2018_9033420_WHITE COMPLEX,train
2018_9033447_RAILROAD,train
2018_9033496_CLARK ROAD #3,train
2018_9033525_GUM SWAMP LAKE RD.,train
2018_9033563_CLOW,train
2018_9033626_SHARON,train
2018_9033653_PAINT,train
2018_9033712_HAPPY,train
2018_9033825_SAN LUIS,train
2018_9033907_PATTERSON,train
2018_9033974_ECHO CLIFF,train
2018_9033995_FLYING G,train
2018_9034075_HOPEWELL,train
2018_9034169_BOWSTRING,test
2018_9034204_NORTH BOUNDARY (19),validation
2018_9034231_RAN MOUNTAIN,train
2018_9034243_NEWMAN RIDGE,train
2018_9034320_SHULER (20),train
2018_9034357_VOLTAGE,train
2018_9034406_GRAVEL PIT,train
2018_9034425_JEWELL RIDGE,train
2018_9034517_SHOT,validation
2018_9034579_CHIP (47),train
2018_9034629_CR 205,train
2018_9034721_CASTLE,train
2018_9034897_CUPCO SOUTH,train
2018_9034946_CR 26,train
2018_9035022_MARTHA,train
2018_9035065_WALSTON,train
2018_9035150_TAYLORSVILLE,train
2018_9035159_HANEY ROAD,train
2018_9035175_PALERMO,train
2018_9035188_JONES RD (5),train
2018_9035243_BENOIST FARM (50 ),train
2018_9035340_ANDERSON CREEK,train
2018_9035382_ORCHARD,train
2018_9035452_STATELINE,train
2018_9035644_TWO SPOTS,test
2018_9035697_CLEAR LAKE,train
2018_9035858_OPEN GROUNDS FARM,test
2018_9035871_DUNCAN FIRE,train
2018_9035917_CEMENT MIXER,validation
2018_9035942_141ST BLVD (06-24),train
2018_9036010_SHANTY ROAD,train
2018_9036022_GARCON POINT 2 (57),train
2018_9036072_TURNEY RANCH ROAD,train
2018_9036099_SCENIC LOOP COMPLEX,train
2018_9036462_SKYLINE,train
2018_9036570_GRAHAM RANCH,train
2018_9036619_STEWART CREEK,train
2018_9038031_ARTUSSE #4,train
2018_9038064_RAMPIKE,test
2018_9038388_ROSE,train
2018_9038479_ROAD QUEEN ROAD (38),validation
2018_9038509_REFUGE,train
2018_9038766_LITTLE HIGH TOP #1,train
2018_9038790_ANHINGA,test
2018_9039032_PINE SPRINGS RANCH,train
2018_9039084_112,train
2018_9039170_BROWNSTONE,validation
2018_9039342_BRIDGE CANYON,train
2018_9039373_187 GILMAN,train
2018_9039475_PIONEER TRAIL (64),train
2018_9039539_TALL PINE2 (06),validation
2018_9039630_SHELTER,validation
2018_9039694_RIGGS,train
2018_9040184_HORSE,train
2018_9040589_HUFFMAN 9,train
2018_9040629_STUKEL,train
2018_9040789_KANE,train
2018_9040829_SADDLE MOUNTAIN,train
2018_9040869_VIRGINIA CREEK,train
2018_9040899_LONE MOUNTAIN,train
2018_9040937_MURDOCK,test
2018_9041153_WESLEY,train
2018_9041180_75 ROAD,train
2018_9041208_CHANNING,train
2018_9041284_BANNOCK LAKES,train
2018_9041592_NOTCH,train
2018_9041665_NAVARRE,train
2018_9041723_TRIPP ROAD,train
2018_9041742_SULPHUR CREEK,train
2018_9041835_SOUTH VALLEY ROAD,train
2018_9042148_BOOT,train
2018_9042992_SALINE COUNTY MUTUAL AID,train
2018_9043001_BURCH CREEK,train
2018_9043081_FAN LAKE,train
2018_9043124_JOHNSON MOUNTAIN,train
2018_9043198_KERLIN,train
2018_9043896_MINE,train
2018_9043940_BLACK FORK FIRE,train
2018_9044012_LOCUST GROVE,train
2018_9044070_HAT,test
2018_9044373_ROSS FORK,test
2018_9044450_CHICKEN COMPLEX,train
2018_9044542_HERO,validation
2018_9044615_WEST 60,train
2018_9044726_TRUST,validation
2018_9044757_VANDERSTUCKEN,train
2018_9044846_COFFEY RIDGE,train
2018_9044976_JON,train
2018_9045051_VOLTAIRE,test
2018_9045189_SEAMAN,train
2018_9045281_TREX ROAD FIRE,train
2018_9045297_COYOTE CREEK,train
2018_9045340_IRON,train
2018_9045381_ELI CREEK,train
2018_9045431_CEDAR,train
2018_9045476_DONNELL,train
2018_9048199_MUSKYDIME,train
2018_9048237_RABBIT FOOT,train
2018_9050367_ANGEL SPRINGS,train
2018_9051033_GALLBERRY (22),train
2018_9051120_STADIUM,train
2018_9051188_RYAN,train
2018_9052081_PIOCHE,validation
2018_9052169_MARTEN CREEK,train
2018_9052758_RABBIT SPRING,train
2018_9052834_NE 106TH ST (38),train
2018_9052853_RIDGETOP RD FIRE,train
2018_9052926_FORK,train
2018_9053056_FRED WEST RD,train
2018_9053080_HAMMON 920,train
2018_9053116_NW MARSHBURN RD (38),train
2018_9053147_LOWE,train
2018_9053204_CHIMNEY,test
2018_9053252_CR 411,train
2018_9053278_GERMANVILLE ROAD,train
2018_9053287_SUGAR HOLLOW,train
2018_9053296_CABIN CREEK,train
2018_9053309_HOMESTAKE,train
2018_9053386_HIRZ,test
2018_9056746_NELSON,train
2018_9056853_MEMALOOSE #2,validation
2018_9056879_BUFFALO,train
2018_9056931_IRON HILL,train
2018_9057011_MOHAVE,test
2018_9057084_FM 294,train
2018_9057258_SANTIAGO,train
2018_9057349_NORTH BUTTE,train
2018_9057429_GRASS VALLEY,validation
2018_9057553_MONUMENT,train
2018_9057982_WEBSTER,train
2018_9058175_BIG BRUSHY,validation
2018_9058215_SOAP LAKE,validation
2018_9058300_ARCHER CITY COMPLEX,train
2018_9058366_ZULU,train
2018_9058498_FLATFIELD (36),train
2018_9058520_55 FIRE,train
2018_9058553_FIRE TRAIL,train
2018_9058639_BOFFER,train
2018_9058865_ATACR,train
2018_9058899_SKY RANCH,train
2018_9058949_BLANCO,train
2018_9059085_TINY CREEK,train
2018_9059104_NATCHEZ,test
2018_9061859_WAGNER COMPLEX,train
2018_9062008_KUMIVA,train
2018_9062095_LEDGEROCK,validation
2018_9062133_CROWS NEST,train
2018_9062161_LONG CREEK,validation
2018_9062218_PAINTED PONY,train
2018_9062249_SIX THOUSAND,train
2018_9062347_DAISY,validation
2018_9062404_LINDEMAN,train
2018_9062438_WEEKSVILLE,train
2018_9062523_SARDINAS CANYON,train
2018_9063097_CREEK,train
2018_9063512_BLACK BUTTE,train
2018_9063583_WARNER GULCH,train
2018_9063673_HAWK FIRE,train
2018_9063784_EVERETT,train
2018_9063840_CR 402,train
2018_9063876_CHINA JIM,train
2018_9063927_LACEY MEADOWS,train
2018_9064036_WHISKEY CREEK,train
2018_9064092_LANEY RIM,train
2018_9064362_BYARS PEAK,train
2018_9064370_LITTLE RAIL,train
2018_9064449_MILL CREEK 1,train
2018_9065417_TILLMAN SURPRISE,train
2018_9065521_NICKEL CREEK,train
2018_9065578_ORGAN,train
2018_9065707_ZIMMERMAN,train
2018_9065862_BUZZARD,train
2018_9066332_SHARP TOP,train
2018_9066393_APPLE,train
2018_9066427_ALPINE,train
2018_9066583_TIMBER CRATER 10,train
2018_9066776_STONE,train
2018_9068001_TANK,train
2018_9068102_HAMMER 0358 RS,train
2018_9068177_SURPRISE CREEK,train
2018_9068817_DENVER JAKE,train
2018_9068923_BARICK,test
2018_9068957_MEACHUM,train
2018_9068991_STATE ROAD 29  (2018-17-0048),test
2018_9069084_EUCLID,train
2018_9069317_LOST CREEK,train
2018_9069382_DISHPAN GAP,train
2018_9069425_MINERS CREEK,train
2018_9069636_MIRIAM,train
2018_9071315_SHEEP CREEK,train
2018_9071636_TOLLGATE CANYON,train
2018_9071752_FIRST,train
2018_9071786_WATSON CREEK,test
2018_9072803_CLAY GULLY RD,validation
2018_9072829_HWY 315,train
2018_9072852_OAK GROVE RD,train
2018_9072918_RENO,train
2018_9072982_SILVER STATE,train
2018_9073125_MARIPOSA,train
2018_9073354_LIONS,train
2018_9074823_GRAMA,train
2018_9074895_HWY 24 COMMAND,test
2018_9074954_GRAVES PEAK,train
2018_9074997_B FENCE (53),train
2018_9075018_TURKEY CREEK,train
2018_9075033_CURLEW,train
2018_9075048_FERGUSON,train
2018_9080219_CHUNKY DUFFIE RD,test
2018_9080273_STEWART WARE RD,train
2018_9080368_HWY 97 & MP 37,train
2018_9080458_LODGEPOLE,train
2018_9081035_CURREY CANYON,test
2018_9081168_ADOBE,train
2018_9081233_HENDRIX,validation
2018_9082210_MM21 HWY21,train
2018_9082277_COAL,train
2018_9082340_CLEAR FORK,test
2018_9082424_NEWSOM,train
2018_9082452_MONUMENT 2,train
2018_9082517_BENT SPRING,train
2018_9082593_ALBRITTON ROAD (41),train
2018_9082638_GRAVEL PIT,validation
2018_9082732_BOAR CREEK,test
2018_9082784_BEGS,train
2018_9082811_K21,train
2018_9082838_1062,train
2018_9082869_GREENWOOD,train
2018_9082908_COUNTY LINE,train
2018_9082991_DAWN,train
2018_9083050_HENRY,train
2018_9083127_BRININSTOLL,train
2018_9083174_MALLARD,train
2018_9083640_WALKER WEST,validation
2018_9083723_MURPHY,train
2018_9083971_1-55,train
2018_9083995_PINE LOOP,train
2018_9084053_THREE WASH,train
2018_9084093_BOONE DRAW,train
2018_9084266_BLACK MOUNTAIN,train
2018_9084322_GLOVER,test
2018_9084388_BRASS,test
2018_9084418_VIEWPOINT,train
2018_9084487_SOTOL SOUTHWEST,train
2018_9084587_18-94,train
2018_9084601_18-85,train
2018_9084614_110TH AND GG RD,train
2018_9084627_330TH ST AND S RD,train
2018_9084640_P RD AND 10TH,train
2018_9084654_18-38,train
2018_9084681_TEAGUE RANCH,train
2018_9084845_WOODS,train
2018_9084993_BALES,test
2018_9085080_EAST FORK,test
2018_9085095_COMPARTMENT 10,train
2018_9085130_JOHNSONS RANCH,train
2018_9085195_FOREST RIDGE,validation
2018_9085206_KEEPERS BRANCH FIRE,train
2018_9085253_900 GREENHOUSE LANE,train
2018_9085262_WEST RD,train
2018_9085273_34 COMPLEX,train
2018_9085582_SOUTH JUNCTION 0429 RN,train
2018_9085643_NE 138TH LN (38),train
2018_9085849_PATTERSON PASS,train
2018_9085978_RED,train
2018_9086005_DR BOYLESTON RD. FIRE,train
2018_9086020_833,train
2018_9086049_THOROUGHBRED (57),test
2018_9086095_WEST ANDERSON,train
2018_9086142_TIMBER,train
2018_9086203_INDIAN BUTTE,train
2018_9086594_JUNE,train
2018_9086644_HARDAWAY (20)-0568,test
2018_9086689_NATURAL BRIDGE ROAD,train
2018_9086704_WHALE BUTTE,train
2018_9087360_POWERLINE,train
2018_9087458_SUN,test
2018_9087651_SARCA,train
2018_9087675_DEER CREEK,train
2018_9087821_CHURCH MESA,train
2018_9087928_TEAPOT,train
2018_9087990_MESA VISTA,train
2018_9088067_POT HOLE,train
2018_9088126_NORTH EDEN,train
2018_9088281_SPRING CHICKEN,train
2018_9088302_CRAAVEN STREEET FIRE,train
2018_9088332_WASHINGTON FLATS,train
2018_9088400_AIRPORT HAUL RD (36),train
2018_9088410_3 MILE CURVE,train
2018_9088499_MM 41 (6),train
2018_9088563_OTHER CHICKEN,train
2018_9088572_LITTLE CHICKEN,test
2018_9088602_ESCONDIDO TANKS,train
2018_9088700_JIM CREEK,train
2018_9088780_TENINO FIRE,validation
2018_9089237_OSHA,train
2018_9089296_TREASURETON,train
2018_9089372_MAGNOLIA DR.,train
2018_9089501_BOXCAR,validation
2018_9089799_MONVISO,train
2018_9089918_WHISKEY,train
2018_9090049_OLD CANYON,train
2018_9090124_SIMMONS RANCH,test
2018_9090169_TYE RIVER,test
2018_9090402_BRUSHY,train
2018_9090442_BARN FIRE,train
2018_9090480_GRAHAM 0420 OD,train
2018_9090673_RANCH,train
2018_9090821_ROBERTS ROAD,train
2018_9090846_BAKER FORD,train
2018_9090873_RICE COUNTY,train
2018_9090900_BEGGS,train
2018_9090968_MAPLE,train
2018_9091030_416,train
2018_9093079_LYONS,train
2018_9093135_COLONY,train
2018_9093210_RANGE 121,train
2018_9093229_PARK ROAD,validation
2018_9093430_BULL DRAW,train
2018_9095131_PORCUPINE,train
2018_9095328_SMITH CREEK,train
2018_9095480_PINE NEEDLE,train
2018_9095496_SAN ARDO,train
2018_9095530_CHESTERFIELD,train
2018_9095660_INDIAN,train
2018_9095808_MAPLE,validation
2018_9096616_BIG HORSE,train
2018_9096672_CHIN CREEK,validation
2018_9096853_DELTA,train
2018_9099916_GLENN CREEK,train
2018_9100633_DALE,train
2018_9100749_WOOD GULCH,test
2018_9100809_BAYOU CUMBEST RD,train
2018_9100832_JODY YOUNG RD,train
2018_9100905_HICKORY HEAD,train
2018_9100990_COWLITZ,train
2018_9101047_MCLEOD,train
2018_9102458_ROUGH,test
2018_9102497_WILSON,train
2018_9102725_PADDOCK,test
2018_9102887_OU3MR-HIGHWAY 37,train
2018_9102953_CHRISTIAN CHAPEL ROAD,train
2018_9102975_PORCUPINE II,test
2018_9103124_VINEYARD,train
2018_9103273_KELLY MOUNTAIN,train
2018_9103520_WIGWAM,train
2018_9103909_HOWE RIDGE,test
2018_9105239_SHELLROCK,test
2018_9105527_NACIMIENTO,validation
2018_9105584_BOYLSTON,test
2018_9105650_L RD SW,test
2018_9105784_DEVIL CREEK,train
2018_9105824_SKYLINE,train
2018_9106001_HORSE CREEK,test
2018_9106190_ADAMS,test
2018_9106316_SILVER CREEK,train
2018_9108762_HORNS MOUNTAIN,train
2018_9109508_SURPRISE GULCH,train
2018_9109533_COAL RIDGE,train
2018_9110068_VIRGELLE,train
2018_9110095_BEAVER CREEK,train
2018_9110447_CRYSTAL,train
2018_9110514_MILE MARKER 44,train
2018_9110580_YY ROAD,train
2018_9110604_HURD,train
2018_9110618_ST LUCIE (28),train
2018_9110650_48/33,train
2018_9110684_BULL PINE,train
2018_9110721_GOLD HILL,train
2018_9112004_KETTLE RIVER,train
2018_9112405_LAKESIDE,test
2018_9112455_OGILVY,train
2018_9112582_PEAK,train
2018_9112718_BUCKSHOT,validation
2018_9112786_CR 620,train
2018_9112820_PAOLA RIDGE,train
2018_9113674_MINE,train
2018_9113709_COAL HOLLOW,train
2018_9115254_WAGON WHEEL,validation
2018_9115367_MOCCASIN MESA,train
2018_9115514_POKER,train
2018_9115558_HENRY THURMAN,train
2018_9115583_STERLING COMPLEX,train
2018_9116607_BOYDS,train
2018_9117950_HUB POINT,train
2018_9118036_COUGAR CREEK,train
2018_9120308_CACHE CREEK,train
2018_9121606_PLATYPUS,test
2018_9121960_RED CANYON,train
2018_9122440_SNOW PEAK,train
2018_9122508_COUGAR,train
2018_9123476_CRESCENT MOUNTAIN,train
2018_9125925_LAKE WALLULA,train
2018_9125990_BEAR BUTTE,train
2018_9126044_COWSKIN RIDGE,validation
2018_9126070_WRIGHT RD,train
2018_9126094_PIPELINE RD. FIRE,train
2018_9126130_SANDYLAND FIRE,train
2018_9126172_JACKSON WF,train
2018_9126188_CARTER CITY,train
2018_9126234_CEDAR RUN,train
2018_9126338_METZ,validation
2018_9126388_396 MOUNTAIN ROAD,train
2018_9126435_OK BAR,train
2018_9126866_UNIT 18 RL 115,train
2018_9126970_PROSPECT,train
2018_9127191_INDIAN MEADOW,train
2018_9127364_PINEY,test
2018_9127439_19TH TERRACE (01),train
2018_9127520_AREA 19,train
2018_9127632_SHARPS,train
2018_9128424_DAVIS,test
2018_9129919_SYCAMORE,train
2018_9130079_DEVREAUX,train
2018_9130177_ANDERSON RANCH,train
2018_9130194_CANNON,test
2018_9130228_ACE DRIVE,train
2018_9130244_CRYSTAL FIRE,train
2018_9130287_CU (31),validation
2018_9130328_GARDEN CREEK,validation
2018_9130922_SPALDING BRIDGE,train
2018_9130955_RHINO,train
2018_9131086_CABIN LAKE,test
2018_9132954_MECCA,validation
2018_9133027_PALMETTO (23),test
2018_9133050_BALL RUN RD,train
2018_9133090_BLACKFOX,test
2018_9133120_SANTA CRUZ,train
2018_9133523_CR 141,test
2018_9133551_PIPELINE FIRE,train
2018_9133587_BEAMER,train
2018_9133606_BLUE CREEK,train
2018_9133630_AIRSTREAM,test
2018_9133647_ROCKY TRAIL,train
2018_9133671_WORKMAN MT.,train
2018_9133699_BUELAH CREEK FIRE,train
2018_9133736_KIRWAN'S NECK,train
2018_9133755_MCQUEEN ROAD FIRE,train
2018_9133822_946 FIRE,validation
2018_9133835_WEINTZ,train
2018_9133888_HWY 34,validation
2018_9133904_TUMBLEWEED,train
2018_9134022_RAMSEY CANYON,validation
2018_9134344_JOES CREEK,train
2018_9134353_MAYBEURY,train
2018_9134362_TWIN BRANCH,test
2018_9134371_COAL MAC,train
2018_9134380_SPROUL-EMMONS RD,train
2018_9134389_RIDGEVIEW,test
2018_9134398_LYNNCAMP,train
2018_9134427_CALDWELL,validation
2018_9134512_SAULS,train
2018_9134804_ALTAR,train
2018_9134906_COUNTY ROAD 150,train
2018_9134936_OWENS,train
2018_9135216_BRUSHY CREEK FIRE,train
2018_9136017_EAST DUBWISSON RD,train
2018_9136073_PIAVE CHURCH RD,test
2018_9136104_BROWN THRASHER,train
2018_9136125_CASNER,train
2018_9136247_WREN,validation
2018_9136273_GERMAN,train
2018_9136380_HWY 57,test
2018_9136431_GREENLEAF RD FIRE,train
2018_9136445_DAVIS FIRE,train
2018_9136460_BRITANIA MOUNTAIN,train
2018_9137012_NEES,test
2018_9137058_PEACH ORCHARD,test
2018_9137079_TEPEE 1144 NE,train
2018_9137241_BUM CREEK,train
2018_9137311_WILLOW 1145 RN,train
2018_9137398_MOOSE RIVER WEST,train
2018_9137526_JULIET,train
2018_9137667_BRASSADA,train
2018_9137740_CINDER,train
2018_9137838_LIME ROCK RD (19),train
2018_9137996_MAGRUDER RIDGE,train
2018_9138072_KMAS,train
2018_9138224_STOLL,train
2018_9138457_FERN CREEK,train
2018_9138505_BOUNDARY,train
2018_9138902_COUNTY LINE,train
2018_9139176_CHEV,validation
2018_9139296_BLACK,train
2018_9139338_LEIGH CANYON,train
2018_9139387_MOUNTAIN MAN,train
2018_9139435_HI COUNTRY,train
2018_9139464_ROOSEVELT,test
2018_9140477_LITTLE SNAKE RIVER,train
2018_9140555_PINE CREEK,train
2018_9140656_LAVA FLOW,test
2018_9140729_COYOTE,train
2018_9140805_BOYERS ROAD FIRE,train
2018_9140814_ROUND TOP ROAD FIRE,train
2018_9140823_PALMA (56),train
2018_9140860_P TREE,test
2018_9140874_RYE PATCH,train
2018_9140965_CASTAWAY,train
2018_9141104_PLANADA,train
2018_9141269_CAVE BRANCH,train
2018_9141299_HILLTOP,train
2018_9141350_NEFF LAKE,train
2018_9141384_BLOOD-WEEKS,train
2018_9141413_SANTA ANA NWR,train
2018_9141460_TEN MILE FIRE,train
2018_9141502_WIDOW LANDRUM ROAD,validation
2018_9141528_LONEBIRD (50),validation
2018_9141598_FARMERS ROAD,validation
2018_9141648_LAZY J,train
2018_9141815_FT GREEN ROAD (53),train
2018_9141881_KINGS CROWN,train
2018_9141911_LOST,train
2018_9141929_114,train
2018_9141959_NASHWAUK,test
2018_9142008_MOUNTAINEER FIRE,train
2018_9142159_BREECHES BRANCH FIRE,train
2018_9142204_NICKEL BRANCH,train
2018_9142240_SAND LICK,train
2018_9142281_BEAVER,test
2018_9142505_LANE,validation
2018_9143093_POWER,train
2018_9143143_NORTH,train
2018_9143763_PEARLY,train
2018_9143795_GANCE,train
2018_9143952_ROSE CREEK,validation
2018_9144034_TULLOCH,train
2018_9144090_SNELL,test
2018_9144409_JET,train
2018_9144432_RANGE 5,train
2018_9144467_HIGH PLAINS,train
2018_9144526_CHECK POINT,validation
2018_9144572_RED ROAD,train
2018_9144638_MILES,train
2018_9146848_STAG,train
2018_9146920_SNOW SHOE,test
2018_9147065_GRANITE,train
2018_9147143_GRAND GULF RD,train
2018_9147184_WEST TILLARD,train
2018_9147218_SPRINGER FIRES,train
2018_9147286_INDIAN HEAD,train
2018_9147328_GARNER COMPLEX,train
2018_9148210_WOOD CANYON,train
2018_9148343_CROOKED CREEK,train
2018_9148542_UPPER MAILBOX,train
2018_9148665_HIDDEN,train
2018_9148689_MAYFIELD,validation
2018_9148736_COVE CREEK,train
2018_9149522_STRAUSBURG LANE,train
2018_9149535_ORTONA EUCALYPTUS (22),validation
2018_9149547_STORM TROOPER WF,train
2018_9149574_LOWER TWIN FIRE,train
2018_9149607_TALL OAKS (25),validation
2018_9149663_DAWES RD,test
2018_9149784_TIMBER CRATER 6,train
2018_9150379_308,train
2018_9150504_SAMPSON CREEK,train
2018_9150614_HUGO ROAD 7251,train
2018_9150692_CIMARRON,train
2018_9150741_CUMBEE FIRE,train
2018_9150829_CIRCLE K,train
2018_9150875_GRAVEYARD HILL,train
2018_9150928_QUERECHO,validation
2018_9150943_CANYON,train
2018_9150977_ROCKY,train
2018_9151049_FLAT ROCK FIRE,train
2018_9151194_JUNIPER,train
2018_9151324_JENNIES PEAK 1039 RN,test
2018_9151584_SNAKE,train
2018_9151636_SEALE 1045 RN,train
2018_9151690_SCHOOL HOUSE,test
2018_9151746_KEELS CREEK,train
2018_9151758_ROCKPEN,train
2018_9151783_UNION VALLEY FIRE,train
2018_9151792_CHER LN FIRE,train
2018_9151829_337,train
2018_9151922_ARTESIAN,train
2018_9152002_BIBLE BACK,train
2018_9152175_RECYCLE,train
2018_9152607_TRINCHERA CREEK,train
2018_9152622_BROKEN RANCH,train
2018_9152710_DIKE 4 (53),train
2018_9152732_SPUD BUTTE,train
2018_9152861_KINGBIRD (27),train
2018_9152892_MCGEE,test
2018_9152907_COTTON BALE,train
2018_9152931_COLORADO STREET,train
2018_9152956_OLD MUDDY RD,train
2018_9153009_NINTH AVENUE,test
2018_9153044_FIREBREAK 56 (23),train
2018_9153187_TUCKER,train
2018_9153213_EAST WHITE,train
2018_9153287_KIWAH,train
2018_9153600_CROOKED CREEK,train
2018_9153801_HARMAN ROAD,train
2018_9153965_GRAPE,train
2018_9154157_MICCO SCRUB (05),train
2018_9154203_9 MILE HILL,train
2018_9154250_NORTH WENDELL,train
2018_9154304_MARTIN,train
2018_9154390_CALL,train
2018_9155070_GARAT,train
2018_9155157_WEST DUCK,train
2018_9155267_DIAMOND FLAT,test
2018_9155437_SHEEP CREEK,train
2018_9155724_TERVELS,train
2018_9155839_WILLOW CREEK,train
2018_9156339_TRAIL MOUNTAIN,train
2018_9157998_DISTANT,train
2018_9158055_PINE RIDGE,train
2018_9158354_LONGFELLOW GREY,train
2018_9158416_TENMILE,train
2018_9159177_HANCOCK LANDING ROAD FIRE,train
2018_9159193_OAK RIDGE,train
2018_9159228_QUAIL,train
2018_9159266_JA #2 EAST,train
2018_9159322_HARWOOD,train
2018_9159409_BREAK 91,train
2018_9159446_HARDY CREEK FIRE,validation
2018_9159481_K TRAIL FIRE,train
2018_9159534_BAYONET AREA,train
2018_9159613_BOULDER CREEK,train
2018_9159650_BROWN,train
2018_9159692_COLUMBUS,train
2018_9160141_GULCH,train
2018_9160202_SUMMER FIELD,train
2018_9160249_CLARK COUNTY,test
2018_9160301_WHITE RIVER,train
2018_9160376_OTTER,train
2018_9160479_EAST FORK,train
2018_9160509_CEMETERY 0701 RS,train
2018_9160942_KLONDIKE,train
2018_9165093_ROSEBUD,train
2018_9165127_CABIN FIRE,validation
2018_9165161_THREE SPRINGS,train
2018_9165215_GOSHUTE CAVE,train
2018_9166121_SANTEE,test
2018_9166166_THIRTEEN,train
2018_9166218_POND ROAD FIRE,train
2018_9166260_BLACK,train
2018_9166412_CROWHEART,validation
2018_9166517_2473,train
2018_9166585_DAVIS POINT,train
2018_9166627_FM 2384,train
2018_9166669_YOWS LANE,train
2018_9166728_CHIMNEY,train
2018_9166763_MECHLER,train
2018_9166845_10A (09),test
2018_9166900_MIDNIGHT,test
2018_9166960_GURDON,test
2018_9166974_COGANGRASS,train
2018_9166997_HWY 341 S,test
2018_9167018_MIZELL CEMETERY RD,train
2018_9167044_37TH STREET FIRE,train
2018_9167053_OLD HINES ROAD FIE,train
2018_9167069_CHESTNUT ROAD FIRE,train
2018_9167092_WAGGONER RANCH,train
2018_9167212_BEN LANE,train
2018_9167239_BERGER BUTTE,train
2018_9167349_SMALL HAMMOCK,train
2018_9167458_HAY ROAD FIRE,test
2018_9167487_RAILHEAD,train
2018_9167518_IRVIA ARMS ROAD,train
2018_9167576_KILCREASE RD,train
2018_9167585_WOLF MOUNTAIN,train
2018_9167610_SHELTON EDWARDS ROAD,train
2018_9167637_MAYNARD,train
2018_9167652_WILLIAMSON,train
2018_9167666_BYRON ROAD,train
2018_9167686_29 COORIDOR,train
2018_9167730_TERWILLIGER,train
2018_9169558_HWY 57,train
2018_9169666_RIVERBED,train
2018_9169705_SUBSTATION 0730 RN,train
2018_9170079_NORTH HEGLER,train
2018_9170326_SMITH WEST,train
2018_9170403_BROAD,train
2018_9170648_CELILO LAND,train
2018_9170662_HOG SPRINGS,test
2018_9170696_CERRO,train
2018_9170753_CHAPARRAL,train
2018_9170855_MILEPOST TWENTY TWO,train
2018_9170991_ROUND TOP,train
2018_9171315_TAYLOR CREEK,test
2018_9172766_TWIN SPRINGS,train
2018_9172817_TURNER,train
2018_9172890_WEBER CANYON,train
2018_9172957_WAWA,train
2018_9173113_INDIAN VALLEY,train
2018_9173663_GOODVIEW,train
2018_9173881_HORSE VALLEY,train
2018_9173932_STALL DAM,test
2018_9173980_WEST GUARD,train
2018_9174428_GREEN MOUNTAIN,train
2018_9174459_ROAD RUNNER,train
2018_9174481_POWERLINE,train
2018_9174493_HIDDEN LAKE,train
2018_9174544_SONNY BOY CREEK,validation
2018_9174629_DEER,test
2018_9174677_LANDSEND,train
2018_9174742_ARAGON,validation
2018_9174860_KELLAR,train
2018_9175214_PURVIS TO COLUMBIA RD,train
2018_9175237_NE 46TH LN (38),train
2018_9175256_GALENA,train
2018_9175300_BEASLEY RANCH,train
2018_9175334_TURN OUT,validation
2018_9175371_CR 1303,train
2018_9175397_AIRPORT,test
2018_9175433_PERKINS,train
2018_9175471_WAPITI,train
2018_9175933_LITTLE SHEPHERDS TRAIL,train
2018_9175993_ELLER (28),train
2018_9176029_INBODEN RD FIRE,train
2018_9176040_BUZZARD,test
2018_9177334_LONELY,train
2018_9177567_TWIN LAKES,train
2018_9177626_STONEY,train
2018_9177949_WELCH,train
2018_9178008_VAUGHN,test
2018_9178028_BRISTOW,train
2018_9178084_BASIN REFUGE RD,train
2018_9178169_ROCKY REACH,train
2018_9178305_EAGLE,train
2018_9178557_RATTLESNAKE CREEK,train
2018_9180951_440,train
2018_9180977_CANNING CA,test
2018_9181002_WEST LAZY,test
2018_9181058_PAYOLA,train
2018_9181140_LONEROCK 1057 RN,validation
2018_9181282_CHOLLA,train
2018_9181354_MIDDLE SAND CREEK,train
2018_9181378_BOMBING RANGE 2,train
2018_9181465_FM 2005,train
2018_9181540_HIGHLAND BLVD.,train
2018_9181878_NOLAND,train
2018_9182024_I-70 MILEPOST 310,test
2018_9182046_NORA,validation
2018_9182117_KENDRICK,test
2018_9182146_ONION PRAIRIE,train
2018_9182189_MYERS,train
2018_9182237_116 WILSON PRAIRIE,train
2018_9182461_259,train
2018_9182549_HAUSMAN,train
2018_9182567_WALKER EAST,train
2018_9182682_LONG OAK,train
2018_9182711_NORTH BOGGY CREEK FIRE,train
2018_9182758_FOUR WINDS (43),train
2018_9182816_TRESTLE,train
2018_9183107_BENDER MOUNTAIN,train
2018_9183480_YELLOW MOUNTAIN,train
2018_9183549_HORSESHOE,validation
2018_9183707_PISTOL,train
2018_9183781_COTTONWOOD,train
2018_9183839_UTE PARK,train
2018_9184466_POLE CREEK,train
2018_9184647_JOINT,validation
2018_9184687_COBBLEREST,train
2018_9184842_SOUTH MEADOW CREEK,test
2018_9184888_HILL COUNTRY,train
2018_9184915_MINI RANCH RD (28),train
2018_9185078_MERRITT,validation
2018_9185108_ROGERS,validation
2018_9185154_JIM SAGE,train
2018_9185298_GRASSY RIDGE,train
2018_9185615_BEARS,train
2018_9185842_RAFT RIVER,train
2018_9185974_570 DECKER ROAD,train
2018_9185985_MOOSE CREEK,train
2018_9186109_SLATE,train
2018_9186335_SUN CITY,validation
2018_9186357_IDA RD,train
2018_9186373_LORING ROAD,train
2018_9186391_DESOTO HIGHLANDS LINE (14),train
2018_9186440_POTTER  BUTTE,train
2018_9186480_MIDDLE CANYON,train
2018_9186680_POLE CREEK,train
2018_9187938_LOVERIDGE,train
2018_9187991_WINCHESTER,test
2018_9188070_LARD CAN,train
2018_9188171_GOOSE CREEK,train
2018_9188699_SHOREY,train
2018_9188826_RATTLESNAKE,test
2018_9188968_GOAT MOUNTAIN,train
2018_9189062_FRONT INCIDENT,validation
2018_9189951_377,train
2018_9190233_BAIRD SPRINGS,train
2018_9190269_LES BLAIR,train
2018_9190309_O'NEALS,train
2018_9190442_HAG 1,train
2018_9190485_FAWN,train
2018_9190690_EMILY,train
2018_9191041_WILLOW PATCH,validation
2018_9191418_RIDGE TOP,train
2018_9191447_LAKE CHRISTINE,train
2018_9194240_AIRLINE,train
2018_9194529_EASTERN,train
2018_9195331_MORRIS CREEK,test
2018_9195939_DIVIDE,train
2018_9196147_ROSBOROUGH SPRING,train
2018_9196185_COUNTY ROAD 2130,train
2018_9196325_CHATEAU,test
2018_9196855_WAVERLY,train
2018_9197004_BOONE SPRINGS,train
2018_9197199_FIELDS RUN,train
2018_9197229_BOND MILL POND FIRE,test
2018_9197258_BOX,test
2018_9197312_WEST,train
2018_9197517_TABLER,train
2018_9197552_CONDO,train
2018_9197568_8130 HWY 40 EAST (38),train
2018_9197602_LOST FIRE,train
2018_9197615_ROAD RUNNER,train
2018_9197653_124TH ST(38),train
2018_9197680_HARD ROCK HILL,train
2018_9197720_WALKER,train
2018_9197819_NISQUALLY JOHN,validation
2018_9197909_VALLEY,train
2018_9198718_MARBLE VALLEY,test
2018_9198785_IRISH,train
2018_9198961_43,train
2018_9199012_BUNGLETOWN,test
2018_9199043_HWY 11,train
2018_9199079_335,train
2018_9199118_GLENN,train
2018_9199169_LIME HILL 2,train
2018_9199244_432,train
2018_9199287_FIVE CENT,train
2018_9199401_COUNTY,validation
2018_9200788_SILVER ROCK,train
2018_9200868_THORNBURG,train
2018_9200921_WEST VALLEY,validation
2018_9201669_SPRING CREEK,test
2018_9203122_ROUGH CANYON,train
2018_9203267_OWL,train
2018_9203794_HD,train
2018_9203911_DOLLAR RIDGE,train
2018_9205850_TABEGUACHE,train
2018_9206023_HOLIDAY,train
2018_9206315_CONRAD,train
2018_9206389_PETERSBURG,test
2018_9206744_TELEPHONE HILL,train
2018_9206799_MARTIN,train
2018_9207473_PLEASANT,train
2018_9207735_HOGAN,train
2018_9208277_SADDLE CLUB ROAD,train
2018_9208296_LITTLE EAGLE CREEK FIRE,train
2018_9208355_W BOUNDARY RD (26),train
2018_9208527_SUNNY B (31),train
2018_9208584_GREENWAY (11),validation
2018_9208823_FOBB CREEK FIRE,train
2018_9208858_ESTES,train
2018_9208873_T R RANCH,train
2018_9208897_ROWLAND CREEK,train
2018_9208927_RL 029,train
2018_9208942_GOLDEN POND,train
2018_9208996_WORTHINGTON,train
2018_9209077_ECHO,train
2018_9209353_LITTLE CAMAS,train
2018_9209657_HYATT,train
2018_9209768_EMIGRANT,train
2018_9209977_CUMERO,train
2018_9210100_KLAMATHON,train
2018_9211549_LAKE ROAD,train
2018_9211558_311 WILDFIRE,test
2018_9211658_THORNHURST ROAD,train
2018_9211668_HWY 117 FIRE  TELFAIR CO.,train
2018_9211693_MONTECITO,train
2018_9211751_SUGARLOAF,train
2018_9212487_LOBSTER CREEK,train
2018_9212808_STONE,train
2018_9213053_CN 346-B,train
2018_9213124_WESTON PASS,train
2018_9214056_NEWELL GRADE,train
2018_9214096_BLACK MOUNTAIN,train
2018_9214279_CONNER,train
2018_9214372_SURPRISE,train
2018_9214597_WINTER VALLEY,train
2018_9214700_ALKALI FLATS,train
2018_9214716_TRICO,train
2018_9214774_DUGAN 2,train
2018_9214872_PALOMIN,train
2018_9214925_PENDLETON COMPLEX,train
2018_9214993_JUNIPER BUTTE,validation
2018_9215023_FLAT,train
2018_9215354_STAR,train
2018_9215395_SHORTCUT,train
2018_9215476_OLSEN,train
2018_9215642_209,train
2018_9215698_MONDAY,validation
2018_9215846_RAVEN ROCK FORK RD,train
2018_9215887_MARSHTON ROAD,train
2018_9215909_COUNTY LINE,train
2018_9215938_HORSEHOE LANE,train
2018_9215962_WEST LIBERTY,train
2018_9216055_G-205 (50),train
2018_9216109_ROCK CREEK,train
2018_9216170_HOWARD,train
2018_9216281_COPPER,train
2018_9216338_EEL,train
2018_9216687_KEITHLY,train
2018_9216987_COPPER MOUNTAIN,train
2018_9217433_WEASEL,train
2018_9217471_REHBEIN,train
2018_9217514_GREGG,train
2018_9217623_CRANSTON,test
2018_9218467_WEST RAVEN,train
2018_9218536_KNOB,train
2018_9218699_PAINT CAN,validation
2018_9218879_DEVILS HOLE,train
2018_9218948_MM73 HWY55,train
2018_9219201_CABBAGE,train
2018_9219255_LONG BRANCH,validation
2018_9219301_SULPHUR,train
2018_9219576_SWEENEY,train
2018_9219695_WILLOW,train
2018_9219764_FRIER,train
2018_9219871_MONUMENT PEAK,train
2018_9219932_DRY CREEK,test
2018_9219968_TELEGRAPH,train
2018_9220077_CAMP,train
2018_9222303_HOWARD,train
2018_9222426_WOOLSEY,train
2018_9223570_FORREST LEE,train
2018_9223591_COUNTRY,train
2018_9223698_LEONE,train
2018_9223739_BALD,train
2018_9223810_PLATEAU,train
2018_9224864_EIGHTY EIGHT,train
2018_9224951_YOGA,train
2018_9224993_BABO,train
2018_9225097_CR 108,train
2018_9225274_190 AND YY RD,train
2018_9225313_KS-CSX  MULVANE RANCH,test
2018_9225525_RANGE TWO,train
2018_9226396_HOLY,train
2018_9227888_SILVER LAKE,train
2018_9228020_ARCTIC JIM,train
2018_9228094_PROPHET,train
2018_9228131_HILL TOP,train
2018_9228358_CAT,train
2018_9228680_TURKEY,train
2018_9228756_MEDICINE LAKE 2,train
2018_9228787_NO DOUBT,train
2018_9228820_CARIBOU COUNTY ASSIST #1,train
2018_9228844_RAGGED BUTTE,train
2018_9228882_WILLOW,validation
2018_9228984_BARPIT (38),validation
2018_9229028_PLUM CREEK,train
2018_9229120_ARENA CANYON,train
2018_9229217_LAMBDON ROAD,train
2018_9229296_GREY VALLEY 3,train
2018_9229352_BURRO,train
2018_9230157_PIPER,train
2018_9230344_DAVIS STREET,train
2018_9230378_SPRING 2,test
2018_9230448_MEDICINE MAN,train
2018_9230529_GOLDSTONE,train
2018_9231325_BARCLAY,train
2018_9231453_HANSEL POINT,train
2018_9231725_GORING,train
2018_9231824_SOUTH HOLLY CREEK,train
2018_9231915_RANGER,train
2018_9232042_TARINA,train
2018_9232153_RATTLESNAKE,test
2018_9232180_GIFCO,train
2018_9232268_TATER RIDGE,train
2018_9232288_ALABATES,train
2018_9232323_TEA KETTLE,train
2018_9232358_ALAMO,train
2018_9232419_CULBERTSON RD FIRE,train
2018_9232468_COW CANYON,train
2018_9232499_ALKIE,validation
2018_9232569_STUBBLEFIELD 1008 RN,train
2018_9232784_MILEPOST 6,train
2018_9232957_HILL,train
2018_9233317_BERMUDA LIGHTNING,train
2018_9233354_BENNY,train
2018_9233399_CATON,train
2018_9233514_FLEMING CREEK,train
2018_9233579_BALD MOUNTAIN,train
2018_9234703_SILVER KING,train
2018_9234774_LONG HOLLOW 0806 RN,train
2018_9235083_MESA,train
2018_9236234_BARTON AGRICOLA RD,test
2018_9236313_LAKESIDE DR,test
2018_9236340_GRANITE 2,validation
2018_9236420_JAMES,train
2018_9236519_CARR,train
2018_9241075_CLUBFOOT,test
2018_9241112_STERLING,train
2018_9241182_MURPHY,test
2018_9241251_MENDOCINO COMPLEX,train
2018_9247926_APACHE MTN FIRE,train
2018_9247951_EMERY GAP,train
2018_9248276_EDEN,train
2018_9248402_JUNIPER,train
2018_9248467_MOCCASIN,train
2018_9248480_BLAKLY ROAD FIRE,train
2018_9248495_MILEPOST 90,train
2018_9248657_SOLDIER CANYON,train
2018_9249097_JUDD,validation
2018_9249365_BEAR CREEK,train
2018_9249495_BACON RIND,validation
2018_9250192_VENADO,train
2018_9250500_OWYHEE,train
2018_9250771_STINA,train
2018_9251016_CEDAR MOUNTAIN ONE,train
2018_9251239_MENINICK PASS,train
2018_9251318_ONEIDA,train
2018_9251374_BEAR TRAP,train
2018_9251957_GRAY,train
2018_9252050_ALISO,train
2018_9252264_BLACK CREEK ISLAND,test
2018_9252288_HOLMAN,train
2018_9252660_ELM,test
2018_9252693_SOREFOOT,train
2018_9252742_BARNEY,train
2018_9252779_POLE CANYON,validation
2018_9252831_CUTOFF,test
2018_9252881_RAIN,train
2018_9252928_JOHN BELMONT,train
2018_9253058_OBI,train
2018_9253204_BUFFALO,train
2018_9253297_FUSE,validation
2018_9253344_FLOWER,train
2018_9253394_BUCKINDY,train
2018_9253449_DOWNEY,validation
2018_9253501_LITTLE FORK,train
2018_9253595_HANSEL VALLEY,train
2018_9253688_CHEDISKI,train
2018_9253893_KINZUA COMPLEX,train
2018_9254001_SOUTH SUGARLOAF,train
2018_9255308_CRUM,validation
2018_9255378_ELK RUN,train
2018_9255419_BUFFALO PASTURE,train
2018_9255612_ELLERBECK,test
2018_9255707_RYEGRASS COULEE,train
2018_9255789_0905 RN,train
2018_9255883_BUNKER,train
2018_9255966_POLE CANYON,validation
2018_9256131_CHELAN HILLS,train
2018_9256298_GOOSE RAPIDS,train
2018_9256424_LOGAN DRAW,train
2018_9256480_WHALEBACK,test
2018_9257319_RANCH,train
2018_9257397_PASQUAL,train
2018_9257491_0809 RN,test
2018_9257577_UPPER COLONY,test
2018_9257767_GRANT,train
2018_9257795_BUTTE FIRE,train
2018_9257924_SHANNON RIDGE,validation
2018_9257984_SABINE,train
2018_9257999_RIVER,train
2018_9262394_ALDER,train
2018_9262805_PERRY,validation
2018_9263362_IRON WEST,validation
2018_9263397_IRON EAST,train
2018_9263695_STADLER,test
2018_9263765_WAHLUKE SLOPE,train
2018_9263846_GLADE CREEK,test
2018_9263938_ARC,test
2018_9264014_MOONLIGHT (50),train
2018_9264117_WILLOW,test
2018_9264308_LENORE MONUMENT,test
2018_9264317_WILDWOOD TRAIL,train
2018_9264326_RIGHT FORK GILBERT,train
2018_9264335_COALWOOD MTN,train
2018_9264344_ANDY BRANCH,train
2018_9264401_BADGER CREEK,train
2018_9265819_APPLE NM,train
2018_9265978_BRUNO,train
2018_9266140_PORTER,train
2018_9266627_ABEAR,train
2018_9266686_DREWS,train
2018_9266807_CROCKER,train
2018_9267004_BUTTERMILK,train
2018_9267294_TWIN BUTTE,train
2018_9267377_MOKAAC,train
2018_9267465_STUBBS,validation
2018_9267570_GEORGES,train
2018_9268011_SOLITUDE,train
2018_9268219_BROOKS,train
2018_9268266_SKUNK CREEK,train
2018_9268360_TEREK,train
2018_9268561_HOTCREEK,train
2018_9268655_ROXIE,train
2018_9268855_BEAV,train
2018_9268919_WRONG CREEK,train
2018_9269230_BIG GRASSY,train
2018_9269275_BRUNEAU,train
2018_9269467_RANCH,train
2018_9269599_RAIL CANYON,train
2018_9269626_CAT,train
2018_9269768_SLIDE,train
2018_9269863_JACK KNIFE,train
2018_9270035_ANTELOPE,train
2018_9270218_COW,validation
2018_9270312_SHELL,validation
2018_9270364_EASTERDAY,train
2018_9270401_FRANCIS,train
2018_9270475_DIXIE,validation
2018_9270569_TURTLE ROCK,train
2018_9270627_HORSE CANYON,train
2018_9270674_ROUND HILL,train
2018_9270739_CONNER,train
2018_9270901_8 MILE,train
2018_9270964_TURKEY TRACK 8,test
2018_9271045_CHARLIE,train
2018_9271657_OAK,train
2018_9271973_MIRROR LAKE COMPLEX,validation
2018_9272312_OAK MEADOWS,train
2018_9272425_MERRITT 3 (11),test
2018_9272743_PAWNEE,train
2018_9274209_EAST LOGAN FIRE,validation
2018_9274241_RATTLESNAKE,validation
2018_9274565_AVON,train
2018_9274817_BIRDCREEK,train
2018_9274878_RABBIT,train
2018_9274901_GREGORY,train
2018_9274922_760 FIRE,validation
2018_9274962_WALKER,test
2018_9275060_GULF,train
2018_9275090_OWL CREEK,train
2018_9275290_OAKLEY160,train
2018_9275325_DEJA VU,train
2018_9275388_OTTER BAY,train
2018_9275437_SOUTH,train
2018_9275593_HORSESHOE,train
2018_9275620_BOCCO,test
2018_9275808_RIM,train
2018_9275891_CHROME,train
2018_9276339_STRAWBERRY RIVER,train
2019_10662063_COLEMAN,validation
2019_10662156_C34,test
2019_10662179_2161,validation
2019_10662352_SOUTH 480,validation
2019_10662407_MCCLURG,train
2019_10662466_CURTIS FIRE,train
2019_10662500_UNION CHURCH RD,train
2019_10662524_BOYD'S RD,train
2019_10662548_COVE MOUNTAIN FIRE,validation
2019_10662625_HAGGERED,train
2019_10662652_TINER LANE 2019,train
2019_10662684_PAINTED WAGON,train
2019_10662720_BIG PINEY,train
2019_10662807_BESSIE LANE (32),validation
2019_10662821_GAYLER ROAD,train
2019_10662876_SC SECTION 21,train
2019_10662943_BUCKHORN,train
2019_10662971_PROMISE LAND,train
2019_10663012_CASTOLON,train
2019_10663171_LONE MOUNTAIN,train
2019_10663525_BOULDER,train
2019_10663618_PONCHO,train
2019_10663677_BUFFALO PASTURE,train
2019_10663721_PATTERSON,test
2019_10663845_CHANNING,train
2019_10663879_CATOOSA WMA,train
2019_10663890_BACHELOR CREEK,train
2019_10663931_DUES,train
2019_10664053_KEOTA,validation
2019_10664067_SCAREDY CAT,train
2019_10664097_MIDWAY FIRE,train
2019_10664126_OK 742,train
2019_10664171_RIVERS,train
2019_10664229_BROADWAY,train
2019_10664313_MABEL ALDRIDGE RD,train
2019_10664356_BIRD (22),validation
2019_10664399_CUTACROSS,train
2019_10664445_DITNEY TRAIL,train
2019_10664535_ROARING,train
2019_10664663_LITTLE ELK CREEK ROAD,train
2019_10664700_BUGBEE,test
2019_10664736_BOONE 283,train
2019_10664773_HWY 231,train
2019_10664785_GOLDSBY RD,validation
2019_10664827_MAROON,train
2019_10665124_MAGNUM ROAD FIRE,train
2019_10665141_DELTA DRIVE,train
2019_10665188_ELK,validation
2019_10665462_MISSION CUTOFF FIRE,train
2019_10665533_BROWNS ISLAND,train
2019_10665616_MM-42,train
2019_10669156_MS SANDHILL CRANE NATIONAL WILDLIFE REFUGE,train
2019_10669234_SWANSON MILL,train
2019_10669349_COOPER FIRE,validation
2019_10669373_POWERLINE,train
2019_10669802_LONG HOLLOW CANYON,train
2019_10669846_NARANJO,train
2019_10670082_PUNCHEON CREEK,train
2019_10670128_GRAPEVINE ROAD,train
2019_10670211_TWO TRAIL (50),train
2019_10670242_FLINT HILL,train
2019_10670293_WHISPERING PINES,train
2019_10670356_SHEEPSKIN,train
2019_10670371_BEAVER TAIL,train
2019_10670384_CR 132,train
2019_10670408_HUNTLEY ROAD,train
2019_10670433_DEVIL'S BACKBONE,train
2019_10670501_CORRAL FIRE,train
2019_10670526_WHITE WING,train
2019_10670593_COLDWATER,validation
2019_10670892_ISLAND POND,train
2019_10671184_441,train
2019_10671249_BURNOUT LANE (07),train
2019_10671263_FRANCISQUITO,train
2019_10671372_HEART,train
2019_10671438_CELLAR,train
2019_10671872_CANYON,train
2019_10672272_DOME,train
2019_10672414_PIONEER,test
2019_10672460_BUFFALO CORRAL,train
2019_10672571_BOONE RD,test
2019_10672600_DOVE,train
2019_10672682_BURNT MILL CREEK,train
2019_10672732_BIG SAND,train
2019_10672775_ROBERTS,train
2019_10673056_SHEEP HORN,train
2019_10673078_SILVER CREEK,train
2019_10673127_MCDANIELS RD,train
2019_10673158_EASTERN,train
2019_10673230_POWERLINE,train
2019_10673361_OK 426 B,validation
2019_10673425_BLACK BRIDGE,train
2019_10673473_HOYLE,train
2019_10673557_EARLVILLE SCRUGGS RDS FIRE,train
2019_10673578_TURKEY FIRE,train
2019_10673588_TRACER FIRE,validation
2019_10673598_WILL BAKER ROAD,train
2019_10673611_MCKINLEY MADDOX (62),train
2019_10673625_CANEY CREEK,train
2019_10673636_PINE MTN. WEST,train
2019_10674028_HUMBOLDT,train
2019_10674072_WET POND,train
2019_10674112_NAME,train
2019_10674149_CATALINA,train
2019_10674188_BOARS HAMMOCK (22),validation
2019_10674260_TABLE BUTTE,train
2019_10674296_8MILE,train
2019_10674327_CUT ACROSS,test
2019_10674431_HOLLOW,train
2019_10674751_INDIGO TURKEY,train
2019_10674771_MUSEUM,train
2019_10675346_WIMICO (19-5),train
2019_10675429_STARKILLER,test
2019_10675532_CR 197,train
2019_10675637_MM FIRE,train
2019_10675669_ROLLING HILL DRIVE,train
2019_10675692_DEER PIN FIRE,train
2019_10675716_CZAR COAL,validation
2019_10675772_TAYOLE,train
2019_10675809_OK 404B,train
2019_10675855_SWAN CREEK,train
2019_10675946_COUNTY ROAD 2026,validation
2019_10675988_MCMILLAN,train
2019_10676145_RIVERDALE,train
2019_10676253_SKULL FLAT,train
2019_10676707_STEVENS DRIVE *NOV (20)-0402,train
2019_10676736_EAST,test
2019_10677416_WOODROW,train
2019_10677475_SHELLEY,validation
2019_10677535_ASPHALT PLANT RD (03),test
2019_10677553_PERCHMAN,train
2019_10677808_ROCK SPRING,train
2019_10678491_LOOP,train
2019_10678550_SMITH STILL,validation
2019_10678945_HWY 30 E,train
2019_10678969_BALL BBQ FIRE,validation
2019_10678995_OAK TREE LANE (03),train
2019_10679116_UNION,validation
2019_10679252_GAP,train
2019_10679494_LONOAK,train
2019_10679694_HOTSPRINGS,train
2019_10679737_BEAR,train
2019_10679878_DOG,train
2019_10679904_SKID,validation
2019_10680196_SUNFLOWER RD (37),train
2019_10680220_SUGAR CREEK,train
2019_10680247_HWY 72,train
2019_10680305_RED KATE,test
2019_10680334_MELBOURNE 2,train
2019_10680377_CEREMONIAL GROUNDS,test
2019_10680402_LICK FORK ROAD,train
2019_10680430_OLD BAILEY RD.,train
2019_10680474_701 S & HARRIS RD,train
2019_10680488_COLLEGE FIRE,train
2019_10680531_POWERLINE,train
2019_10680571_CROW HOLLOW,train
2019_10680631_BLACK CHERRY,train
2019_10680643_BIG POINTE,train
2019_10680667_KING HOLLOW,train
2019_10680710_DIRT TRACK,train
2019_10680720_PASSMORE,train
2019_10680750_ROY THOMPSON RD,train
2019_10681743_TEJON,train
2019_10681763_REBEL CREEK,train
2019_10681786_OLD GREG,train
2019_10681817_SHEEP CANYON,train
2019_10681856_NOTCH BUTTE,test
2019_10681881_LAVA,train
2019_10681922_CAP,train
2019_10682164_MOSS RANCH,train
2019_10682434_DRUMMOND BASIN,train
2019_10682537_SECTION FIRE,train
2019_10682562_ATTALA RD 2230,train
2019_10682586_WAR CREEK ROAD,test
2019_10682610_TOLBERT 3,train
2019_10682642_MIDNIGHT,train
2019_10682669_SANDPIPER,train
2019_10682784_BAXTERVILLE RD,train
2019_10682807_BAYOU LACROIX,train
2019_10682834_BLUE CREEK,train
2019_10682975_FOREST GROVE RD,train
2019_10682999_PUERTO RICO AVE (54),train
2019_10683013_FAIRLEY ONEAL RD,train
2019_10683037_PATRIOT,validation
2019_10683547_HORSE BRANCH FIRE,train
2019_10683562_SAVAGE 7,train
2019_10683606_PARSLEY CREEK,validation
2019_10683716_SOUTH ROCK CREEK,train
2019_10683765_BLACK JACK,train
2019_10683836_107I,train
2019_10683966_BILBO RD,train
2019_10684032_MILL,train
2019_10684102_THICK ROOT,train
2019_10684404_MEDCO B,train
2019_10684418_LOCKEGEE,train
2019_10684472_COUNTY LINE,train
2019_10684522_SALT CREEK,train
2019_10684634_COACHMAN,train
2019_10684672_PROSPECT ROAD,train
2019_10684692_BOWENS,validation
2019_10684730_534 BERGEY ROAD,train
2019_10684739_SOUTH MCGEE CREEK FIRE,train
2019_10684775_VALLEY TIMBER FIRE,train
2019_10684800_KARLIN,train
2019_10684829_EAST PAWNEE,train
2019_10684954_BVILLE CASINO,test
2019_10684984_WILD HORSE CREEK,test
2019_10685042_PENN CREEK,train
2019_10685153_MOOSE,train
2019_10685400_TICK,train
2019_10685881_OK 103,train
2019_10686102_PARKS,train
2019_10686279_PAYNE,train
2019_10686346_POTATO HILL,train
2019_10686434_MESA,validation
2019_10686578_DESERT RIDE,train
2019_10686699_EAST KENNEDY CREEK,validation
2019_10686723_MILL CREEK,train
2019_10686768_MILPAS,train
2019_10686909_PIPELINE FIRE,train
2019_10686937_JACK CREEK FIRE,train
2019_10687039_HOT SPRING,train
2019_10687100_HORSE,train
2019_10687129_SHEEP,train
2019_10687307_SUMMIT,validation
2019_10687347_BUFFALO VALLEY,test
2019_10687374_MARYS,test
2019_10687470_OK 701,train
2019_10687486_CHEAHA ST PARK HERNANDEZ PEAK FIRE,train
2019_10687511_VICTORY RD (32),train
2019_10687565_MIDAS,train
2019_10687620_BASQUE FLAT,train
2019_10687660_BUCK,train
2019_10687763_CLOVERLEAF (28),validation
2019_10687789_MARSH,train
2019_10687972_TUSCAHOMA ROAD FIRE,train
2019_10688019_THOROFARE,train
2019_10688140_COVE CREEK,train
2019_10688953_SAND SPRING,train
2019_10689029_LEAMINGTON,train
2019_10689111_ROGER RD,train
2019_10689159_RIVER BREAKS,train
2019_10689266_PAINT MINE,train
2019_10689436_SURPRISE,train
2019_10689505_SUNFISH BAY FIRE,train
2019_10689546_WEST,train
2019_10689697_BURRIS,train
2019_10690091_GHOST,train
2019_10690154_ELBOW BEND,train
2019_10690272_SNOW CREEK,train
2019_10690458_GAGE FIRE,train
2019_10690521_MOLINO,train
2019_10690623_3 FIRE,train
2019_10690649_JOHN SMITH RD,train
2019_10690681_PINE ST. TRAILER,train
2019_10690734_NW 58TH PL,train
2019_10690768_SWITCHHOUSE,train
2019_10690801_GETTY,test
2019_10691378_CR 931,train
2019_10691436_FIVE,train
2019_10691511_DOUBLE STILL RD,train
2019_10691546_M&M,train
2019_10691796_MEMORIAL,validation
2019_10692000_SOUTH NOTCH,train
2019_10692026_KINCADE,train
2019_10693733_ELLIOTT ISLAND,train
2019_10693852_YELLOW BLUFF 17 1,train
2019_10694025_CHARLOTTE HARBOR SP,validation
2019_10694087_MILEPOST 20,train
2019_10694108_MAMMOTH,train
2019_10694483_BURNT CREEK,train
2019_10694671_CENTRAL,train
2019_10694729_ADOBE,train
2019_10694803_SADDLE MOUNTAIN,train
2019_10694867_LIME,test
2019_10695633_JUNIPER WIND TOWER,train
2019_10695742_BOB ALLEN RANCH,train
2019_10695763_BOULDER LAKE,test
2019_10695947_GREEN JUNIPER,validation
2019_10695969_VICTOR,validation
2019_10696026_OAK FLAT,train
2019_10696090_WMA,train
2019_10696115_SR116,train
2019_10696128_RAMSHORN,train
2019_10696505_OGLESBY,train
2019_10696569_BOX CREEK,train
2019_10696729_CEDAR CANYON,train
2019_10696796_PIPELINE,train
2019_10696947_POWELL LEASE,train
2019_10697018_MATSON,validation
2019_10697343_GRAHAM,train
2019_10697482_KUSSHI CREEK,train
2019_10698916_INDIAN RUN,validation
2019_10698926_SPUR RANCH HEADQUARTERS,train
2019_10698949_CASS 18:20,train
2019_10698984_SAC A LAIT,train
2019_10699232_STUHR,train
2019_10699280_LAKE ROAD (34),train
2019_10699303_INDEX CREEK,train
2019_10699342_TEXAS,train
2019_10699501_BERMUDA,train
2019_10699597_PROCTOR,train
2019_10699623_DROWNING CREEK,train
2019_10699675_PARK RIDGE,validation
2019_10699801_CLAUSON FIRE,test
2019_10699826_HAWK FIRE,train
2019_10699974_BUFFALO JUNCTION,train
2019_10700059_30,train
2019_10700106_REVEILLE,train
2019_10700944_RECHE,train
2019_10701104_CAPLES,train
2019_10701758_WASHINGTON,test
2019_10701838_BLUE BUCK,train
2019_10701875_GRASS GULCH,train
2019_10701962_OK 426X,train
2019_10702022_OK 418C,train
2019_10702100_SWEDES,train
2019_10702450_BODINE 1,train
2019_10702527_ZACATE,train
2019_10702622_VAT,train
2019_10702652_SALTER RD (20),train
2019_10702676_WOOD CANYON,train
2019_10702904_RADAR FIRE,train
2019_10702957_SWASEY PEAK,train
2019_10703078_GRETA,train
2019_10703129_ASHENFELDER,train
2019_10703221_HENTHORNE,train
2019_10703662_FLAT TOP,train
2019_10703724_PEASE RIVER,train
2019_10703784_MERTZ,train
2019_10703870_ASH,validation
2019_10703931_BLACK DIAMOND CREEK,train
2019_10704000_BAGNAL,train
2019_10704098_DEVORE CREEK,train
2019_10704408_R-6,validation
2019_10704544_KIDDER 2,train
2019_10704876_MARE CREEK,train
2019_10704901_WRIGHT ROAD,train
2019_10704953_LICK CREEK,train
2019_10705159_SULPHUR,validation
2019_10705214_SHOOFLY,train
2019_10705820_HELLS GATE,train
2019_10705925_186,train
2019_10705972_WHETSTONE,train
2019_10706041_HIGHLINE,train
2019_10706161_LINCOLN,train
2019_10706303_360 RD,train
2019_10706324_OSCEOLA,train
2019_10706581_HORSE CREEK,train
2019_10706603_WAGON ROAD (32),train
2019_10706617_CAMP ROAD,train
2019_10706642_BRICEBURG,test
2019_10707553_AMERICAN,train
2019_10708550_DAWES,train
2019_10708580_MAGRUDER,train
2019_10708621_STREAMSONG (53)**,train
2019_10708649_MILLER ISLAND,train
2019_10708679_KAY ENTREKIN FIRE,train
2019_10708713_PLEASANT VALLEY FIRE,train
2019_10708755_OK 701 G,train
2019_10709174_OLD HWY 18#5,train
2019_10709234_JUNE,validation
2019_10709277_CR 2297 ALLENTON (03),train
2019_10709389_FISH,train
2019_10709657_SOUTH TIMPIE SPRINGS,train
2019_10709942_BRONCO GULCH,validation
2019_10709985_TAMARACK,train
2019_10710094_ELMER CITY,train
2019_10711329_HITCH FIRE,train
2019_10711353_CUSH BRANCH FIRE,train
2019_10711426_SKULL FLAT 2,train
2019_10711552_MUDHOLE,train
2019_10711566_GRASSY,train
2019_10711638_ROUND PEAK,train
2019_10711824_COTTONWOOD,train
2019_10711968_3 MILE CURVE-2,train
2019_10712030_ROUND BUTTE,train
2019_10712180_CHERRY PIE FIRE,train
2019_10712192_PEAVINE CANYON,train
2019_10712806_SANDY HILL,train
2019_10712815_LITTLE EGYPT RD,train
2019_10712847_ROCKCASTLE,train
2019_10713302_SOUTH RIM,train
2019_10714185_RUFF RD,test
2019_10714198_PHANIEL CHURCH RD. FIRE,train
2019_10714250_426B,train
2019_10714260_WHISKEY STILL LANE,train
2019_10714274_2964 CR 59,train
2019_10714285_FOX MOUNTAIN,train
2019_10714295_38600 COUNTRY CLUB DR,test
2019_10714305_GOAT,test
2019_10714360_LINK ROAD FIRE,train
2019_10714379_LONE MOUNTAIN ST. FOREST,test
2019_10714389_BETHANY,train
2019_10714405_WOOD FIRE -(49),train
2019_10714785_CANYONLANDS,train
2019_10714900_ROCKSPRINGS ROAD,validation
2019_10714911_WILDHORSE MOUNTAIN FIRE,validation
2019_10714973_SPARLING,train
2019_10714992_PACKINGHAM RANCH,train
2019_10716056_VAL VERDE COMPLEX,train
2019_10716193_YANUSH NORTH,train
2019_10716217_MUD CREEK,train
2019_10716244_RED,test
2019_10716330_DEERVIEW FIRE,train
2019_10716356_WILLIAMS FLATS,train
2019_10717582_LUNDSTROM BUTTE,train
2019_10717606_ANDRUSIA,train
2019_10717643_BRODER,train
2019_10717931_RANCH,validation
2019_10718035_AVINTAQUIN RIDGE,train
2019_10718197_MAILBOX,train
2019_10718220_SWIFTNELL,train
2019_10718278_ROAD 10 WEST,train
2019_10718309_DEARMAN RD FIRE,train
2019_10718333_RIVER ROAD (32),validation
2019_10718362_KAHNVILLE ROAD,train
2019_10718396_G18,validation
2019_10718438_PACKBOX,test
2019_10718522_K49,train
2019_10718583_JAEGER,train
2019_10718615_TRUMBULL,train
2019_10718988_MCNEY,train
2019_10719103_GENE WILBURN RD,validation
2019_10719116_BAUTISTA,validation
2019_10719267_NOELKE,train
2019_10719342_PUSHMATAHA GAME RESERVE FIRE,train
2019_10719408_POKER,train
2019_10719602_163 HK COMPLEX,test
2019_10720084_NORTH WILSON,train
2019_10720122_HUNGRY,train
2019_10720218_SAN JUAN,train
2019_10720292_BUNKER MT.,train
2019_10720307_MALLARD WAY FIRE,validation
2019_10720324_SPRING HILL FIRE,train
2019_10720366_TURKEY FIRE,train
2019_10720390_FAIRVIEW,train
2019_10720546_SHEEP CK,train
2019_10720603_4010,train
2019_10720617_HACKBERRY LAKE,train
2019_10720678_FRANCIS,test
2019_10720760_KELLY,train
2019_10720837_HOFMANN,validation
2019_10720882_CLAIR,validation
2019_10721025_SING,train
2019_10721060_FISH CAMP,train
2019_10721087_CROOKED CREEK,train
2019_10721225_DC3,train
2019_10721378_BOULIN,train
2019_10721577_MOUNTAIN VIEW,train
2019_10721804_BOMBER LAKE,train
2019_10721865_WYATT,train
2019_10721927_BLOSSOM VIEW FIRE,train
2019_10721942_ALAMITO CREEK,train
2019_10721977_LUNDSTROMS,train
2019_10722027_STATE LINE,train
2019_10722086_TRIPLE NICKLE,train
2019_10722524_190 EAST,train
2019_10722575_SHELTER PASS,train
2019_10722782_TUMALO CREEK 0823 NW,train
2019_10722860_GEOTHERMAL,test
2019_10722905_VIVIAN,train
2019_10723188_HILL,train
2019_10723236_POT HOLE,train
2019_10723329_PROSPECT SPRINGS,train
2019_10723448_BATTLE LAKE,train
2019_10723555_WHITE CLOUD,validation
2019_10723632_ROCKING CHAIR RANCH,train
2019_10723714_BEEF PASTURE,train
2019_10723760_GLEASON,train
2019_10723851_R-1  RANCH,train
2019_10724280_SUTTON HOLLOW,train
2019_10724327_WET FORK,train
2019_10724403_PEMBERTON,train
2019_10724545_CHIPPEAN,train
2019_10724802_HIGHWAY 50,train
2019_10724845_MOOREWOOD FIRE,train
2019_10724892_SCOOTER FIRE (59),train
2019_10724924_HIGHLAND ACRES FIRE,validation
2019_10725078_SIDE OATS,test
2019_10725130_MILLER GULCH,train
2019_10725237_CASKET FIRE,train
2019_10725393_MCCLUSKY,train
2019_10726539_HOGUP WEST,train
2019_10726578_17 MILE 2,train
2019_10726669_SHERIDAN,test
2019_10727303_BRUSH CREEK,train
2019_10727458_POLE,validation
2019_10727637_REGION 1 SEVERITY,train
2019_10727816_EDEN,train
2019_10727942_INDIAN PASS (23),train
2019_10728067_BENTON,train
2019_10728119_WET WHISTLE,train
2019_10728269_ROSASCO,train
2019_10728734_HORSEFLY,train
2019_10729235_KINGS CHAPEL RD FIRE,train
2019_10729279_SCHAEFFER,validation
2019_10729468_BUILDING BRIDGES FIRE,train
2019_10729503_TUSCAHOMA RD FIRE 2,train
2019_10729565_INDUSTRIAL PARK ACCESS RD,train
2019_10729588_CLARK BRANCH #2,train
2019_10729706_HART,validation
2019_10729834_CLOVER,train
2019_10729932_OSBORNE ROAD,train
2019_10729980_MCKAY BUTTE 0527 NE,train
2019_10730150_TUCKER,train
2019_10730561_577,train
2019_10730676_RD. 130/RD. V,validation
2019_10730711_CLARKS BUTTE,train
2019_10731002_BLACK MOUNTAIN 2,train
2019_10731168_JOHNSON LANE,test
2019_10731370_THREE NINE BAY (62),test
2019_10731381_3-BRAVO (6),train
2019_10731446_LANE SCHOOL ROAD,train
2019_10731488_CROSS STREET,validation
2019_10731497_EVERETTS SCHOOL ROAD,test
2019_10731528_SIZEMORE,train
2019_10731593_REAL,train
2019_10731723_SCHOOL BUS,train
2019_10731793_PROSPECT,train
2019_10732096_EAST CAMAS,train
2019_10732179_CAVANAL HILL,train
2019_10732203_TWENTY FOUR (50),train
2019_10732245_JOHNSON QUARTER FIRE,train
2019_10732279_BETHLEHAM ROAD FIRE,train
2019_10732316_MOUNTAIN,train
2019_10732500_DOUBLE MOUNTAIN,train
2019_10732569_BADGER CREEK,train
2019_10732610_LITTLE BEAR,train
2019_10733156_TREASURETON,train
2019_10733199_BORDER 8,test
2019_10733271_QUAIL RIDGE RD (67),test
2019_10733297_HASKELL,train
2019_10733343_BRITTAIN RANCH,train
2019_10733380_GRASSLANDS COMPLEX,train
2019_10733494_REGISTER SPRING,train
2019_10733783_NORTHWEST LESSIE 108 (45),train
2019_10733976_OLLENINGER,train
2019_10734007_TX POINT EAST CHRISTMAS EVE,train
2019_10734044_ARCHOLO,train
2019_10734718_WATERFOWL,train
2019_10734739_SHED,train
2019_10734804_COLD CREEK,train
2019_10734956_PETAN,train
2019_10735762_CAVERNS ROAD,validation
2019_10735859_HUNTER,train
2019_10735919_SANDHILLS,train
2019_10735986_SNOW PEAK,train
2019_10736077_TUMBLE,train
2019_10736133_PROSPECT,train
2019_10736177_MAYFIELD,train
2019_10736219_FAIR LAWN,validation
2019_10736331_ROUTE 8,train
2019_10736391_SHOREY DR (66),train
2019_10736447_CAVE,validation
2019_10736808_OLD JACKSON RD,train
2019_10736877_ROCK HOUSE FIRE,train
2019_10736887_TWO INLETS,train
2019_10736904_402 AGAIN,test
2019_10736914_SHADY GROVE,train
2019_10736924_SMOKEY,train
2019_10736965_180 CAMP HEBRON ROAD,validation
2019_10736979_MATTHEWS,train
2019_10737022_WAPI,train
2019_10737038_GOPHER,train
2019_10737443_FRENCH CAMP,train
2019_10737474_ROCKY,train
2019_10737642_SHORT MOUNTAIN 1,validation
2019_10737661_USAL,validation
2019_10737888_OK BIG CANDLE,train
2019_10738113_BUCKHORN RANCH,train
2019_10738215_GARFISH,train
2019_10738332_CR 402,test
2019_10738401_CHERRY CREEK,train
2019_10738462_STONE,validation
2019_10738577_LEAMINGTON PASS,test
2019_10738624_LITTLE SPRINGS,train
2019_10738675_DOE CANYON,train
2019_10738911_ASPEN BUTTE,train
2019_10738980_OFF CR 96 FIRE,validation
2019_10739040_BURNOUT LANE (03),train
2019_10739058_SUMMERS FIRE,train
2019_10739132_NEWMAN,train
2019_10739643_PARK,train
2019_10739750_ALKALI CANYON,train
2019_10739780_BALD MOUNTAIN,test
2019_10739993_PATTERSON,train
2019_10740103_BLACKFOX 2,train
2019_10740383_GANDY,train
2019_10740427_HEREFORD,train
2019_10740490_BERRY LOOP,train
2019_10740513_KUDZU SHED,train
2019_10740541_ANDOVER ROAD,train
2019_10740649_SABER,train
2019_10740826_SHAFTER,train
2019_10740936_GUN RANGE,validation
2019_10741025_WILDHORSE MOUNTAIN FIRE #2,validation
2019_10741110_HENDERSON,train
2019_10741141_FISH CREEK,train
2019_10741178_COLD MOUNTAIN,train
2019_10741300_PINCH,train
2019_10741396_CROOKED TREE,validation
2019_10741559_CRUMLEE,validation
2019_10741635_BURNSIDE,train
2019_10741651_ATTALA RD 3236,test
2019_10741676_JAMES RD,train
2019_10741720_HEPPLERS,train
2019_10741805_SHALE CREEK,test
2019_10741923_HUGHES,train
2019_10741962_PACK,train
2019_10742158_ST PAUL FIRE,test
2019_10742174_CORTA,train
2019_10742502_EASY,train
2019_10742563_HILL,train
2019_10742711_DIXON,validation
2019_10742850_PEACOCK,train
2019_10742898_ESQUATZEL,train
2019_10742930_BOVINE,test
2019_10743032_BACA,train
2019_10743078_GRANITE GULCH,validation
2019_10743344_BAILEY CREEK,train
2019_10743441_LAKE,train
2019_10743519_GATEWAY FIRE,train
2019_10743630_LADDERS,train
2019_10743674_PRESCOTT VALLEY,train
2019_10743713_CR 62,train
2019_10743740_GOOSE,test
2019_10743987_RANGE,train
2019_10744242_FLAT TOP,train
2019_10744337_VERDE,train
2019_10744506_46TH,test
2019_10744685_HILLSIDE,train
2019_10744738_VADER,train
2019_10745005_2019-3238A,train
2019_10745017_2019-3238,train
2019_10745077_NETHKER,test
2019_10746208_ROUND MOUNTAIN,train
2019_10746239_DALTON MOUNTAIN,train
2019_10746316_SHADY,train
2019_10746885_DUTCHMANS BEND (64),train
2019_10746933_MAUDE (25),train
2019_10746978_THOMAS,train
2019_10746988_SWIFT/RMS,test
2019_10746998_THE WILLIAMS FIRE,train
2019_10747031_KENNEDY PEAK,train
2019_10747232_LACEY FIRE,train
2019_10747281_DEER RANGE,test
2019_10747473_ADSON,train
2019_10747599_COOPERS HOLLOW,train
2019_10747638_EUREKA ROAD,train
2019_10747743_FIFTY 0050 RS,train
2019_10747788_FOREST,train
2019_10747872_WOODBURY,validation
2019_10749069_BRANDON RD,train
2019_10749131_360G,train
2019_10749243_SAND,validation
2019_10749643_HWY 407,train
2019_10749672_RANCH,train
2019_10750174_MARTIN ROAD,train
2019_10750253_DEER,train
2019_10750496_BYLAS,train
2019_10750886_SANDALWOOD,validation
2019_10751160_LAWNMOWER FIRE,train
2019_10751177_ROCK PEN FIRE,validation
2019_10751214_BARSTOW,train
2019_10751249_SALT LAKE,train
2019_10751285_SANDHILL,train
2019_10751321_ROBIN HILL,train
2019_10751375_LAVA 18,train
2019_10751557_HEROD DOBSON RD (05),train
2019_10751571_SPRING CREEK,test
2019_10751633_PATTON,train
2019_10751700_EAGLE NEST,train
2019_10751841_WYLIES,test
2019_10751922_CEDAR ROAD FIRE,train
2019_10752006_MCCLESKEY,train
2019_10752098_MARSHALL COUNTY LINE,train
2019_10752154_LOWER FOSSIL,validation
2019_10752186_TWO ALPHA (06),train
2019_10752496_HAYFIELD (49),train
2019_10752556_341 SKOOKUM CREEK,train
2019_10752620_RUSSELL,train
2019_10752668_CURLEW,validation
2019_10752804_CCC,train
2019_10753041_LASALLE,train
2019_10753093_CLYDE B,validation
2019_10753117_CR 241,test
2019_10753159_COMPARTMENT 1,train
2019_10753199_CUEVA,train
2019_10753296_KNIGHT TOWN,test
2019_10753305_BATTISTELLA FIRE,train
2019_10753314_CANEY MOUNTAIN TRAIL FIRE,train
2019_10753377_DERHAMMER SHED,test
2019_10753391_BRAY MILL,train
2019_10753427_SLIDE,test
2019_10753505_MILL GULCH,train
2019_10753522_MORRISON,train
2019_10753549_SHEEP MOUNTAIN 0610 RN,train
2019_10753598_MIDWAY,validation
2019_10753672_GREEN SPRINGS,train
2019_10753813_SKY BRIDGE,train
2019_10754053_TINSLEY RD,train
2019_10754067_SADDLERIDGE,train
2019_10755097_WHIRLWIND,train
2019_10755122_RAYONIER FIRE,validation
2019_10755153_WAR BONNET,train
2019_10755223_BUCKHORN,train
2019_10755262_MM122 I15,train
2019_10755367_DORIS CREEK,validation
2019_10755417_MOUNTAIN,train
2019_10755583_DRY SAGE,train
2019_10755614_GURULE,train
2019_10755903_BLACK MESA,train
2019_10755951_PEDRO MOUNTAIN,test
2019_10756529_LONG VALLEY,test
2019_10756636_HORSE,train
2019_10756741_CRM,train
2019_10756900_32BD,train
2019_10756925_RIDGE,train
2019_10756983_MCDOWELL,test
2019_10757074_RIFLE RIDGE ROAD,train
2019_10757100_ROUSEY RD,train
2019_10757137_HIDDEN ACRES,train
2019_10757153_HOAG,train
2019_10757186_JORDAN,train
2019_10757674_JEANS LOOP,train
2019_10757706_TAYLOR BUTTE,train
2019_10757785_MARIA,train
2019_10758167_WILMA LANE,train
2019_10758176_CARPENTER ROAD,validation
2019_10758188_RINCON,validation
2019_10758261_BOND CREEK,train
2019_10758312_INDIAN LANE,train
2019_10758346_OLD EVENING SHADE FIRE,train
2019_10758413_RIDGELINE,validation
2019_10758528_DUKE,train
2019_10758566_CASTLE,train
2019_10759443_BLACK CREEK FIRE,train
2019_10759473_GOAT CANYON,train
2019_10759554_MEADOW CREEK,train
2019_10759876_COWHORN,train
2019_10760130_DIAMOND VALLEY,train
2019_10760280_DECKER,train
2019_10762001_MILLION DOLLAR RD.,train
2019_10762075_CANMAY,train
2019_10762117_JASPER,train
2019_10762226_ELK,train
2019_10762316_SMITH,train
2019_10762394_NEW RIVER,train
2019_10762447_CANYON,train
2019_10762549_GOOSE POINT,train
2019_10762614_RED GATE,train
2019_10762731_PLEASANT PINES,train
2019_10762771_BELMONT,validation
2019_10762929_POWERS RANCH,train
2019_10763138_HORSESHOE,train
2019_10763278_MORTAR,train
2019_10763315_CR 2133,validation
2019_10763339_HUCKLEBERRY,train
2019_10763354_BLACK CREEK,test
2019_10763376_GRANITE LAKE,validation
2019_10763493_LOPEZ,train
2019_10763839_DWIGHT SANDERS RD (65)-0422,train
2019_10763874_DOG CANYON,train
2019_10763993_41 FIRE,validation
2019_10764037_IKES,train
2019_10764513_STONE CITY,train
2019_10764576_INDEPENDENCE FIRE,test
2019_10764595_RIDGETOP,train
2019_10764767_TRAIL 536,train
2019_10765013_HENDERSON ROBERTSON,train
2019_10765057_COPPER BREAKS,train
2019_10765433_WHISKEY,train
2019_10765587_STINK WATER,validation
2019_10765710_CHESSMAN CANYON,train
2019_10765981_GAINES,train
2019_10766152_SADDLE BUTTE,train
2019_10766236_CURRANT,train
2019_10766326_SNAIL,train
2019_10766580_REDMOND,train
2019_10766656_MULCH,train
2019_10766678_BOONE,train
2019_10766769_HENSON,test
2019_10766795_HAVERLAH,train
2019_10766909_WELCOME 1002,train
2019_10767448_D HILL,train
2019_10767613_FISH CREEK FIRE,test
2019_10767675_WATERHOLE FIRE,validation
2019_10767715_CR 480,train
2019_10767799_WILSON,train
2019_10767876_CREEK,train
2019_10768040_MT. DANA,train
2019_10768097_WATER TANK,validation
2019_10768134_COW CREEK,test
2019_10768550_BUFFALO,train
2019_10768642_JOHNSON,train
2019_10768832_HUMPHREY RD (20)-0585,train
2019_10768849_JETER LANE (17),train
2019_10768862_WHITEHOUSE MOUNTAIN 2,validation
2019_10768904_HUNTER,validation
2019_10769001_WATERFALL,train
2019_10769146_LOWE,test
2019_10769216_TECUMSEH RANCH,validation
2019_10769261_ELK,validation
2019_10769353_CRAB,validation
2019_10769966_BIG HOLLOW,validation
2019_10770094_ELLIS,train
2019_10770452_DUSTIN HUDSON,train
2019_10770537_LAKE CHANNEL,train
2019_10770611_SMOKEHOUSE,validation
2019_10770657_243 COMMAND,validation
2019_10770954_MAPLE CREEK,train
2019_10771022_GEORGE,validation
2019_10771152_BONELLI PEAK,train
2019_10771305_MIDDLE,train
2019_10771370_GREEN RAVINE,train
2019_10771560_BEAVER,test
2019_10771821_JOMAX,train
2019_10771851_NORTH HILLS,train
2019_10772403_COW,train
2019_10772919_DELOACH CHURCH RD FIRE,train
2019_10772940_REDONDO,train
2019_10773154_BARREN HILL,train
2019_10773412_HURRICANE CLIFFS,train
2019_10773506_FLAT CREEK,validation
2019_10773610_WEST 7.6,train
2019_10773642_SAN RAFAEL,train
2019_10773691_HORSE BUTTE,train
2019_10773759_POISON CANYON,train
2019_10774036_SPRINGS,train
2019_10774699_KELTY,train
2019_10774834_NEVADA CREEK,validation
2019_10774988_PINE TREE,train
2019_10775068_LARK,train
2019_10775121_DOME MF,train
2019_10775137_WARD CREEK 0769 RN,test
2019_10775224_083 BLUE RIDGE,train
2019_10775405_ORME,train
2019_10775474_STUCKEY RD,train
2019_10775504_CHERRY,train
2019_10775726_AMOLE,train
2019_10775944_RARITY MOUNTAIN,train
2019_10776015_FISHHAWK,train
2019_10776260_SNOQUALMIE,train
2019_10776378_1343 PEACHBURG RD,validation
2019_10776387_MOONEY HOLLOW ROAD,train
2019_10776412_FM 1025 COMPLEX,train
2019_10776489_SPRING,train
2019_10776658_JORDAN,train
2019_10776698_GRAVES CREEK,train
2019_10776772_SHAWNEE PEAK,train
2019_10776922_BRIMSTONE,train
2019_10777389_MILL,train
2019_10777878_CONEJOS,train
2019_10777939_JERRY,train
2019_10778148_BADGER SPRINGS,train
2019_10781147_MIDDLE MAMM,train
2019_10781929_MILL GULCH,train
2019_10781965_ROCK,validation
2019_10782034_WALNUT STREET,train
2019_10782060_TINCUP,train
2019_10782428_WOOD HUMP,train
2019_10782492_LICK CREEK,train
2019_10782625_GRIZZLY,test
2019_10782662_WHITE SPRINGS,test
2019_10782750_ROCKY,train
2019_10782898_GILLIS,test
2019_10782939_NORTH LOST,train
2019_10783036_ALASKA,train
2019_10783240_BIRD RANCH,train
2019_10783480_CEDAR LOG CREEK,train
2019_10783535_KELLY RANCH,train
2019_10783574_SCOTTS BRANCH FIRE,train
2019_10783615_EAST ALLEN 0292 PR,train
2019_10784498_COUNTY LINE RD,train
2019_10784523_HWY 57,train
2019_10784547_HODGE ROAD FIRE,train
2019_10784571_DEEP CREEK,train
2019_10784583_CONNEX WF,train
2019_10784645_GREENSBOROUGH RD,train
2019_10784668_BEAVER POND,train
2019_10784715_WATCHER,train
2019_10784783_BULL,train
2019_10784825_COUNTY ROAD 600,train
2019_10784963_BIG MILL RANCH,train
2019_10785074_RIVER FORK ROAD,validation
2019_10785083_ROCKLICK BRANCH,train
2019_10785097_CINCO TERRY,train
2019_10785192_PINE LODGE,validation
2019_10785968_AZABACHI,train
2019_10786072_TABOOSE,train
2019_10787645_BENDER,validation
2019_10787679_DURBIN CREEK,train
2019_10787919_DAIRY,train
2019_10788041_CAVANAUGH ROAD,train
2019_10788082_FREHNER CANYON,train
2019_10788173_COONER MOUNTAIN RD FIRE,train
2019_10788190_SANDY HOOK FIRE,train
2019_10788219_BEESKOVE,train
2019_10789235_LEFT HAND,train
2019_10789791_LOOKOUT POINT,validation
2019_10789942_JAY,validation
2019_10789985_CEDAR,train
2019_10790039_SOUTH FORK CREEK,train
2019_10790156_E EVANS CREEK FIRE,train
2019_10790259_BANNACK,train
2019_10790407_HUCK,train
2019_10790487_344 D,train
2019_10790541_H3 422,train
2019_10790573_CHIPPEAN ROCKS,train
2019_10790629_MADA,train
2019_10790775_BEN MOSES ROAD FIRE,train
2019_10790793_BEN HOWARD HOLLOW,train
2019_10790818_IRON BOWL FIRE,train
2019_10790840_BLACK,train
2019_10790919_LITTLE,train
2019_10790989_BLOODWORTH,train
2019_10791032_BLUE CREEK,train
2019_10791222_ROUGH CREEK,train
2019_10791312_WHITNEY FIRE,train
2019_10791534_TIMBER MOUNTAIN,train
2019_10791567_VAN VALER,validation
2019_10791721_DESERT CANYON,train
2019_10791844_CHICKASAW CREEK FIRE,train
2019_10791868_MP 97,train
2019_10793562_RADIO HILL,train
2019_10793658_SKULL CREEK,validation
2019_10793761_BLUE RIVER,train
2019_10793846_WAGONBED,train
2019_10793994_WHITING,train
2019_10794216_LONE,train
2019_10794263_VISTA,train
2019_10794318_RIM 2,train
2019_10794363_MM80 HWY51,train
2019_10794412_CHAMPLIN POINT,train
2019_10794452_SOUTH,train
2019_10794574_COLEMAN,train
2019_10794648_HUNGRY CREEK,train
2019_10794704_BOULDER CREEK,validation
2019_10794749_SAWGRASS (6),train
2019_10794804_MARCUM STRIP,train
2019_10794813_SYCAMORE FORK,train
2019_10794822_HASTINGS ROAD (17),train
2019_10794885_CHOPITO,train
2019_10794938_MILLER,train
2019_10795418_LAWRENCE GULCH,train
2019_10795469_HANDKERCHIEF LAKE,train
2019_10795502_MAIN STREET,test
2019_10795570_HOLMAN RANCH,train
2019_10795627_1122 ENDERS ROAD,train
2019_10795642_STOUGHTON ROAD,train
2019_10795678_NELSON,train
2019_10795824_7D,validation
2019_10795901_NORTH MILL CREEK,train
2019_10796030_W-1 MCDONALD,train
2019_10796172_THE JUDGE FIRE,test
2019_10796199_CURTIS RD FIRE,test
2019_10796272_GREGERSON,train
2019_10796376_FLINT MESA,train
2019_10796430_0719 CS,train
2019_10796456_SAGE,train
2019_10796668_PACIFIC 0847 CS,test
2019_10796736_CHAMPION,train
2019_10796816_DAVIS BAY,test
2019_10796873_BRINKLEY,train
2019_10796907_THE LANDING STRIP FIRE,train
2019_10797013_RED MEADOW 2,train
2019_10797080_BASSETT,train
2019_10797188_SOUTH,train
2019_10798379_RATCLIFF/HATTER RD FIRE,train
2019_10798421_IKT 0876 NE,train
2019_10798629_LONE,train
2019_10798998_HUNT,train
2019_10799221_NECK,train
2019_10799540_LOBOUY RD FIRE,train
2019_10799585_BLACK RANCH,train
2019_10799613_SPUD,train
2019_10799793_PEAVEY,validation
2019_10799858_BALSAM,train
2019_10799980_MATON,train
2019_10800073_ALABAMA PORT,train
2019_10800109_MT LOGAN,train
2019_10800162_RED BANK,train
2019_10800724_2019-3354,train
2019_10800738_ONE HORSE,train
2019_10800770_FIELDS,train
2019_10800862_APACHE,train
2019_10800977_MIDDLE,train
2019_10801452_DRY HOLLOW,validation
2019_10801541_GEORGIA 57,train
2019_10801586_ORLANDO,train
2019_10801631_BOX,train
2019_10801785_CARMINE,train
2019_10801832_RIVER,train
2019_10801926_RED MEADOW,validation
2019_10802003_MONTOYA SPRINGS,train
2019_10802140_CODA ROAD,train
2019_10802166_WALKER,validation
2019_10803661_TELEPHONE,test
2019_10803964_RAWHIDE,train
2019_10804162_TENAJA,train
2019_10804474_ROADSIDE 484,train
2019_10804492_PILLGRAM MA,test
2019_10804520_SE JET,train
2019_10804571_ROCK CREEK,train
2019_10804592_SMITH KNOB,train
2019_10804827_WARD,train
2019_10805176_OK 745,test
2019_10805233_BUNTING,train
2019_10805322_BOMB,train
2019_10805346_BK COLLINS CAMP,train
2019_10805381_CARTER CREEK,train
2019_10805427_204 COW,train
2019_10806265_CHIMNEY CREEK,train
2020_11683717_DOGWOOD TRAIL,validation
2020_11683870_WEST 380,train
2020_11683918_FULL MOON FIRE (49),validation
2020_11683965_COATS,test
2020_11684074_SPRING CREEK,train
2020_11684221_PUMPBACK LAKE,test
2020_11684349_BRIAR CREEK,train
2020_11684732_BURROWS DRAW,train
2020_11684760_DELTA,train
2020_11684822_52ND STRRET,train
2020_11684850_D165,train
2020_11684946_BULL WAGON,validation
2020_11684988_QUANAH,train
2020_11685029_HIGHWAY 1,train
2020_11685045_TAYLOR HWY 137,train
2020_11685075_LAURA LYNN,validation
2020_11685105_WORKMAN MT. SOUTH,train
2020_11685160_HWY15,train
2020_11685188_RV (22),train
2020_11687680_COOPER LANE (46),train
2020_11687703_S. OCH (37),train
2020_11687777_EAGLE ROCK ROAD,train
2020_11687788_MUNGER LANE,train
2020_11687807_BRISAS ROAD,train
2020_11687821_LODE ROAD,test
2020_11687864_REDDICK LANE (62),train
2020_11687921_SCROGGINS RIDGE,train
2020_11687977_LOST LAKE,train
2020_11687993_OLIVE,train
2020_11688166_NEW HOPE ROAD,train
2020_11688199_HOLSTON CREEK,validation
2020_11688235_CROSS CUT,validation
2020_11688265_4 POINT,train
2020_11688342_BEAVER ROAD,train
2020_11688381_TASMANIA GRADE,test
2020_11688404_33 BARN,train
2020_11688415_STEINMAN,train
2020_11688439_256 HANNA RD. FIRE,train
2020_11688455_FLAT CREEK RD. FIRE,train
2020_11688484_SOUTH OF RESERVOIR 20,test
2020_11688507_ROCK FACE FIRE,train
2020_11688517_LEAP FIRE,test
2020_11688526_BONE VALLEY 2,test
2020_11688554_RXE3 MCCURRY DUETTE,test
2020_11688605_RUSSELL MOUNTAIN FIRE,train
2020_11688634_MARSHALL,test
2020_11688649_NORTH KANIMA,train
2020_11688674_412 FIRE,train
2020_11688776_LEQUIRE MOUNTAIN,train
2020_11688802_CARPENTER AVE. (55),validation
2020_11688823_RISING STAR,train
2020_11688838_SPLIT DITCH FIRE,train
2020_11688870_BIG POND,train
2020_11688913_SHADY HILL,train
2020_11688930_PINE HILL CAMP,train
2020_11688962_THREE FORKS MARSH FIRE,test
2020_11689007_KS-DDQ-2020-363,train
2020_11689041_OLD TRAILER,train
2020_11689108_CROW FIRE,train
2020_11689145_CALICO FIRE,train
2020_11689172_BURGER,train
2020_11689216_HANEY HOLLOW,train
2020_11689230_BUFFALO MOUNTAIN,test
2020_11689259_DOG TOWN,train
2020_11689311_WAUSAU,train
2020_11689353_369 D,train
2020_11689369_RANGE 6 A,train
2020_11689470_HULSEY CABIN,train
2020_11689495_JO RITTER RD,validation
2020_11689521_SUSQUEHANNA TOWNSHIP 1,train
2020_11689533_BEACON MTN,train
2020_11689571_CAROL,validation
2020_11689671_SW 52ND PL,train
2020_11689688_RIVER GULLY,train
2020_11689699_TOMMY CLEMENTS 3,train
2020_11689711_THOMAS LANDING RD,train
2020_11689722_ASH,validation
2020_11689787_TIGER MOUNTAIN,train
2020_11689843_NEW STATE MOUNTAIN,train
2020_11689859_SULFAR HOLLOW ROAD,train
2020_11689870_WESTBOURNE LANE,train
2020_11689885_270TH ROAD,train
2020_11689934_LOVE TRAIL,train
2020_11689947_ATOKA WMA,train
2020_11690031_COOPER CABIN,train
2020_11690052_RADIO KNOWLEDGE,train
2020_11690085_PAGE ROAD,train
2020_11690158_E HWY 20,validation
2020_11690214_EARLY MORNING (34),train
2020_11690238_OLD NESS PLANTATION RD,validation
2020_11690273_BENT FORT,train
2020_11690403_NORTH PERSIMMON,train
2020_11690442_MOUNTAIN STATION,train
2020_11690468_DRY CREEK,train
2020_11690503_FROG LEVEL,train
2020_11690556_QUARLES,test
2020_11690658_WILDCAT,test
2020_11690866_OAK CANYON,train
2020_11691090_EAST KENNEDY CREEK,train
2020_11691163_LAKE BUFFUM WEST,train
2020_11691297_VILAS,train
2020_11691429_CEDAR CREEK (55),validation
2020_11691442_LONGFELLOW NINE MILE,train
2020_11691553_EWB,train
2020_11691594_BOOTS,train
2020_11691615_FLEETWOOD CIRCLE,test
2020_11691629_RED BOX,train
2020_11691657_EAGLE FIRE,train
2020_11691671_SLATE DUMP,train
2020_11691738_DRAKE CREEK,test
2020_11691829_BEAVERDAM RD,train
2020_11691933_LOTT ROAD FIRE,train
2020_11692032_BOWEN MILL POND,train
2020_11692081_BAY WOODS DR./ DAUPHIN ISLAND PARKWAY FIRE,train
2020_11692159_MATADOR,train
2020_11692207_PEDRO,train
2020_11692226_RACCOON HILL,train
2020_11692284_WMA FIRE,train
2020_11692311_ROD SHAW FIRE NOV -(20),train
2020_11692322_GLEN LAUREL,train
2020_11692371_HOLCOMBE RD,train
2020_11692724_SUNDAY AFTERNOON,train
2020_11692955_STRAY,train
2020_11693011_MCMILLAN,train
2020_11693023_RATTLER RIDGE,validation
2020_11693049_FAN MOUNTAIN,train
2020_11693097_WHITMILL,validation
2020_11693128_TRAM ROAD/GRASSY ROAD,train
2020_11693232_PINE CREST(48),train
2020_11693281_1064 WEE TEE RD. FIRE,train
2020_11693298_MARSH CREEK,train
2020_11693329_DISMAL CA,train
2020_11693394_LIBERTY,validation
2020_11693478_BLUE TICK,train
2020_11693493_SOUTH SHORE,train
2020_11693503_CORBETT RD,validation
2020_11693564_BILL ANDERSON FIRE,test
2020_11694148_TIMBERCREST ROAD WEST,validation
2020_11694202_HENDERSON RIDGE,train
2020_11694233_SC SECTION 32,train
2020_11694256_BAYOU CUMBEST,test
2020_11694308_STARR,train
2020_11694383_UPPER RIDGE,train
2020_11694404_BECK ROAD,validation
2020_11694421_TWO HOLLOWS,train
2020_11694447_AAWSAW LANE,train
2020_11694483_LINE FENCE ROAD,train
2020_11694531_200-141 FIELD,train
2020_11694587_WF VALENTINES 2020,train
2020_11694661_SODHOUSE,train
2020_11694721_K-25 AND RD 17,train
2020_11694736_MAIN FIRE,train
2020_11694746_DEJA VU FIRE,validation
2020_11694763_FLINT GAP,train
2020_11694859_MILTON HILL FIRE,train
2020_11694882_HWY 11 & ORVISBURG LAKE RD,train
2020_11694929_AMBUSH,validation
2020_11695013_BRIG CIR S,test
2020_11695114_LIMESTONE RIDGE,validation
2020_11695139_TWO DOG FIRE,train
2020_11695173_MT CARMEL CHURCH RD,train
2020_11695196_LAMPTON HILLTOP RD,train
2020_11695219_BROOKEN MOUNTAIN FIRE,train
2020_11695246_OLD FAYETTEVILLE ROAD,validation
2020_11695280_HWY 79-2,train
2020_11695291_HWY 77-2,test
2020_11695325_ROUND PRAIRIE WEST,train
2020_11695351_BELLS POND FIRE,train
2020_11695377_108 FIRE,train
2020_11695403_MALLOY HOLLOW,train
2020_11695446_SOUTH ROOKS,train
2020_11695460_GREASY CREEK,validation
2020_11695585_RAIL,train
2020_11695596_WILLIAMSON ROAD,train
2020_11695625_DEJAVU FIRE,train
2020_11695664_SUNSHINE,test
2020_11695685_ST TERESA,validation
2020_11695713_CHEVY,train
2020_11695797_HOOPER,test
2020_11695861_BEAVER MT.,train
2020_11695889_MILE MARKER 123,train
2020_11695918_NARROW DITCH,validation
2020_11695995_LEE COOK ROAD (46),validation
2020_11696031_SWAMP,train
2020_11696047_SAGE - CUSTER CO.,train
2020_11696083_ITCHEPACKESASSA CREEK,train
2020_11696144_LAKE LIZZY,train
2020_11696180_PIN OAK DRIVE,test
2020_11696306_PERSIMMON RIDGE,test
2020_11696332_ANDERSON CREEK,train
2020_11696397_361 A,validation
2020_11696422_PLEASANT VALLEY,validation
2020_11696514_BOBCAT FIRE,train
2020_11696679_TILLMAN ROAD,validation
2020_11696761_MARVIN,train
2020_11696818_OSBORNE SWAMP,train
2020_11696874_VALLEY FIRE,train
2020_11696895_RED TRACTOR,test
2020_11696967_BELLE STARR FIRE,test
2020_11696993_OLD BILOXI,train
2020_11697023_HANEY,train
2020_11697067_BIG HOLLOW,train
2020_11697109_CARTER CITY,train
2020_11697184_ELLIOTT ISLAND 1,validation
2020_11697229_WINDMILL,train
2020_11697270_HB JOHNSON FIRE,validation
2020_11697289_COLUMBUS,train
2020_11697391_BASEBALL,test
2020_11697544_LITTTLE MEADOWS,train
2020_11697591_BEAR,train
2020_11697611_SILVERKING,train
2020_11698229_WET POWDER,train
2020_11698261_PULASKI,train
2020_11698306_FIERCE RIDGE,test
2020_11698325_DEEP FORK,train
2020_11698370_SAND,train
2020_11698388_TEXAS FLAT,train
2020_11698419_LIME PILE FIRE,train
2020_11698496_RED HILL,test
2020_11698585_AMMO,train
2020_11698619_SEWAGE,test
2020_11698663_BRATTONS RUN,train
2020_11698688_MARKS CREEK,train
2020_11698722_HAMLITON,validation
2020_11698815_OLD GROVE,train
2020_11698826_HOT SHED,train
2020_11698835_THE BANKS,train
2020_11698867_SUNSET (25),train
2020_11698894_BARN (34),train
2020_11698906_TIGER BRANCH,train
2020_11698944_DOGWOODS,train
2020_11698990_WHITLOW,train
2020_11699089_MERRIAM CEMETERY,validation
2020_11699180_RANGE 40-A,train
2020_11699200_319-P,train
2020_11699216_CHILESVILE,validation
2020_11699323_HWY 26 HATCHECHUBBEE FIRE,train
2020_11699342_CO RD 87,test
2020_11699366_OLD STAGE RD,train
2020_11699395_SAVANNAH MILLARD RD,train
2020_11699419_PALESTINE,train
2020_11699450_WRIGHT BRIDGE ROAD,train
2020_11699466_THUNDER ROAD,train
2020_11699508_HWY 11& HARTFIELD RD,validation
2020_11699534_BLUE BERRY HILL,train
2020_11699569_SHELLY BRANCH,train
2020_11699608_LONGFELLOW NINE MILE COMPLEX,train
2020_11699696_RANGE 50,test
2020_11699713_CAMERA,train
2020_11699809_STONEBERRY ROAD,train
2020_11699863_FOX,train
2020_11699948_COUNTY LINE,train
2020_11700047_SEARS RD,train
2020_11700091_LILLIS ST,train
2020_11700141_MOSQUITO BITE,test
2020_11700201_HIGH HILL,validation
2020_11700369_HALTATA CT,train
2020_11700438_MARSH,test
2020_11700584_SC JACKSON CREEK,train
2020_11700839_WYMAN,validation
2020_11700929_50'S-VILLE,train
2020_11701134_SADDLE,train
2020_11701297_E HYW 20,train
2020_11701374_POWERLINE640,train
2020_11701406_LAKE SHORE FIRE,train
2020_11701435_WEST WORTHAM FIRE,validation
2020_11701458_GLENDALE DRIVE,train
2020_11701492_MACKEY AVE,validation
2020_11701645_HURRICANE CREEK,train
2020_11701776_TL WHITE GAP,train
2020_11701944_TL MARLOW,train
2020_11702004_ROCK CREEK 0103 RN,train
2020_11702044_MEREDITH RD,test
2020_11702184_EAST DESERT,train
2020_11702287_CHARLIE MOORE,test
2020_11702385_ROAD 8,train
2020_11702427_RILEY ROAD,train
2020_11702445_EGLIN ROAD,validation
2020_11702592_STEELFIELD,train
2020_11702651_ACEY LOWERY RD,train
2020_11702775_ROOSTER,train
2020_11702836_METHENY RD,train
2020_11702872_BLUE CAMP,train
2020_11702913_SC BOBO,train
2020_11702989_5 MILE SWAMP,train
2020_11703258_HURST HAMMOCK,train
2020_11703407_DISCOVERY CIRCLE HANCOCK CO.,train
2020_11703482_EAST SPRUCE,validation
2020_11703511_36TH AVE SE,train
2020_11703752_22ND AVE SE,train
2020_11703775_DEAKLE ROAD FIRE,train
2020_11703898_VILLEGREEN FIRE,train
2020_11704016_POINT RD,train
2020_11704045_HOYKENS SOUTH,validation
2020_11704123_MOONFISH,train
2020_11704538_MUD DAUBER TRAIL,train
2020_11704576_MUSSETT BAYOU,train
2020_11704780_LUMBERTON,train
2020_11704887_WEST BOUNDARY,train
2020_11704902_PEOPLES,train
2020_11705060_BASSWOOD,train
2020_11705233_OLD TRAIL,train
2020_11705257_GUAVA,validation
2020_11705479_SHADY DRIVE,train
2020_11705534_PCMS COMPLEX,train
2020_11705656_STEEL CANYON,train
2020_11705854_HILL,train
2020_11705882_BASIN,validation
2020_11706093_TAFT,train
2020_11706253_MARSH,train
2020_11706349_H&R,test
2020_11706360_L-67,train
2020_11706397_343 WILDFIRE,train
2020_11706500_KNOLL FIRE,train
2020_11706559_CREEK HAVEN RD,train
2020_11706580_GRAVEL PIT,train
2020_11706627_N&S 130,train
2020_11706656_JOURNEY,train
2020_11706701_BUTTER,train
2020_11706760_JACKRABBIT,train
2020_11706907_ANDERSON JUNCTION,validation
2020_11706979_1450,train
2020_11706992_FRIENDSHIP LANE,train
2020_11707009_QUEENS,train
2020_11707031_RUSTY PIPE II,train
2020_11707062_MAY MOUNTAIN FIRE,train
2020_11707137_POWER LINE RD,train
2020_11707181_HWY 533,train
2020_11707303_BIG TIMBER FIRE,test
2020_11707482_JOHNSON AVENUE,train
2020_11707525_ETTRICK,train
2020_11707535_PURVIS- BAXTERVILLE RD.,train
2020_11707664_LA VERKIN HILL,train
2020_11707715_TL SILENT,train
2020_11707815_MOORE,train
2020_11707842_CHERRY CANYON,validation
2020_11707964_CRAIG HILL,test
2020_11708022_BROKEN JAW,train
2020_11708086_HAT,validation
2020_11708155_COMMISSION,train
2020_11708179_TIGER LAKE 2**,train
2020_11708309_WINTERHILL ROAD,train
2020_11708494_LARRYS GRADE 3,train
2020_11708533_CENTRAL GROVE RD.,test
2020_11708552_M72,train
2020_11708569_NE 22ND LANE,train
2020_11708689_PARK,train
2020_11708816_CONNECTOR RD. FIRE,train
2020_11708925_PARTY,validation
2020_11708995_SLOAN CANYON,train
2020_11709158_WHITLOW,train
2020_11709279_HUNTER,train
2020_11710294_JONES,test
2020_11710309_WEST COUNTY LINE,train
2020_11710337_SKULL,train
2020_11710363_ELIZABETH,test
2020_11710471_WOOD SPRINGS 2,validation
2020_11710986_SIEBER,train
2020_11711085_ELBERTA,train
2020_11711119_BLUE RIVER,train
2020_11711537_SODA,train
2020_11711592_OSAGE 63,test
2020_11711641_CENTER GRADE POWERLINE,train
2020_11711693_TRAVERSE,validation
2020_11711787_PILOT,train
2020_11711821_BROAD CANYON,train
2020_11711845_TEA KETTLE,train
2020_11711879_GATE 6,train
2020_11711893_RUBLEY RD FIRE,train
2020_11711903_CANAL,train
2020_11712592_MILLER,train
2020_11712809_ROCKY RIDGE,train
2020_11712859_CANOA,train
2020_11713141_YOLO RANCH FIRE,train
2020_11713225_ARROYO GRANDE,train
2020_11713378_BEIBER,train
2020_11713494_OCOTILLO,train
2020_11713594_PIG,train
2020_11713776_TABBY CANYON,train
2020_11713907_LIME,train
2020_11714227_AVERY,train
2020_11714248_QUARTER,train
2020_11714310_MATLIN,train
2020_11714352_PEPLIN,train
2020_11714409_BAR H,train
2020_11714462_IBAPAH,validation
2020_11714526_HOGAN,train
2020_11714572_BLUE WEST 2,test
2020_11714807_SQUIRREL ROCK,train
2020_11714957_BROWNS,train
2020_11715117_JEFFERY RANCH FIRE,train
2020_11715190_SHEEP FIRE,train
2020_11715259_CHICAGO PLANTATION RD,train
2020_11715404_51,validation
2020_11715478_SCORPION,test
2020_11715591_SUNSET,validation
2020_11715744_SAND CREEK,train
2020_11716185_BITTER,train
2020_11716386_SPLIT,train
2020_11716529_JACK'S CREEK,train
2020_11716626_VICS PEAK,train
2020_11717227_AVILA,train
2020_11717396_WILSON ROAD,train
2020_11717541_WALKER,train
2020_11717711_AURORA,train
2020_11717874_RANGE,train
2020_11718005_WILDERNESS ISLAND,train
2020_11718083_BRUSH CROSSING,train
2020_11718294_COUNTY ROAD T,train
2020_11718322_SPRING CREEK 2,train
2020_11718362_MINE DRAW,train
2020_11718410_SECOND REST AREA,train
2020_11718447_BERRY CREEK,validation
2020_11718494_N TRAINING AREA 90,train
2020_11718507_PROWERS,test
2020_11718702_DOE CREEK,validation
2020_11719017_GIBBON,train
2020_11719066_ROC,train
2020_11719187_AVONDALE,train
2020_11719259_WIRE PASS,test
2020_11719463_BENT CANYON,test
2020_11719716_POEVILLE ROAD,train
2020_11719914_WILSON CROSSING,test
2020_11720307_SLADE,train
2020_11720380_AMES FIRE,train
2020_11720457_180&KIOWA RD. FIRE,train
2020_11720563_SIXSHOOTER,train
2020_11720622_WARREN FIRE,train
2020_11720667_MILE 43,test
2020_11720788_LOST CREEK,train
2020_11720978_FERGUSON,validation
2020_11721009_SAWTOOTH,train
2020_11721351_POTTER,train
2020_11721396_AIRPORT,train
2020_11721440_CR 57,train
2020_11721468_OLD MUDDY,train
2020_11721540_SKULL,train
2020_11721706_BUSH,train
2020_11722382_2020-18-0155-L-6,train
2020_11722418_IVANPAH,train
2020_11722554_CEDAR CANYON,validation
2020_11722618_RICO,train
2020_11722957_MCDANIEL,train
2020_11723044_LUMP GULCH,train
2020_11723318_COOTS,train
2020_11723368_TELLER FLAT 0281 OD,train
2020_11723404_20 MILE,train
2020_11723453_AQUILA,train
2020_11723633_CONCORD,test
2020_11723902_PAXTON,train
2020_11723968_CENTRAL,train
2020_11724173_INDIA,train
2020_11724284_YANDY,train
2020_11724318_RAFAEL,train
2020_11724434_EDWARDS,test
2020_11724646_GRANT,train
2020_11724791_LUCIN,train
2020_11724830_R-2,test
2020_11724874_S-1,train
2020_11724989_MANGUM,train
2020_11726649_APPLE,train
2020_11726702_MYER,train
2020_11726732_IA 215,train
2020_11726754_HOG,train
2020_11726991_TANK BATTERY,train
2020_11727168_MONARCH,validation
2020_11727337_BROWN,test
2020_11727519_ANTELOPE ROAD,validation
2020_11727780_DEER CANYON,train
2020_11727955_GRADE,train
2020_11728107_LOADING PEN,train
2020_11728235_RENO,train
2020_11728370_MAIN GRADE 1,train
2020_11728399_DEVILS-BACKBONE,train
2020_11728444_BIG SPRINGS,train
2020_11728539_PEAT,train
2020_11728583_LITTLE BOOKCLIFF,train
2020_11728691_BIGHORN,test
2020_11730528_BRINGHAM,train
2020_11731498_FORT CRAIG,test
2020_11731589_DRY LAKE,train
2020_11731887_NORTH STANSBURY,train
2020_11731957_EAST CANYON,train
2020_11732531_DRUM,train
2020_11732644_EMIGRANT,train
2020_11732798_GOOD,train
2020_11733300_TADPOLE,train
2020_11734048_PROMONTORY,train
2020_11734086_ROCK PATH,validation
2020_11734308_ANTELOPE,train
2020_11734453_BARELA FIRE,train
2020_11734502_WEHMEYER,train
2020_11734621_QUAIL,train
2020_11734793_TORTOLITA,train
2020_11734875_K107,train
2020_11734918_TWIN,train
2020_11735312_FARM CAMP,train
2020_11735563_NORTH DELLE,test
2020_11735597_FLAT TOP,train
2020_11735669_UVAS,train
2020_11735867_KENT,test
2020_11735968_FIRE GULCH,train
2020_11736083_RENO RD.,train
2020_11736184_APPLE,test
2020_11738676_COTTONWOOD TRAIL,train
2020_11738806_PLATINA,train
2020_11739020_LAKE,train
2020_11739058_BEE HIVE RD,train
2020_11739085_BONADELLE,test
2020_11739180_FRESNAL,test
2020_11739308_SUNDAY FIRE,train
2020_11739380_PASS,train
2020_11739509_CORDES,train
2020_11739547_POLE CANYON,train
2020_11739672_NARANJOS,test
2020_11739703_CEDAR,test
2020_11740185_RED SALMON COMPLEX,train
2020_11745193_BLACK BUTTE,train
2020_11745247_CHATRIDGE 2,train
2020_11745300_DAM,validation
2020_11745474_NADEAU,test
2020_11745616_DROPS,validation
2020_11745720_CHIKAMIN,train
2020_11746213_CREWS,test
2020_11746622_POCKET,train
2020_11746689_HOLLOW,train
2020_11746793_UPPER PROVO,train
2020_11747262_RED CREEK,train
2020_11747297_BONITO,train
2020_11747417_POTS,train
2020_11747541_PARK,test
2020_11747621_SOLEDAD,train
2020_11747860_25,test
2020_11747899_WITCHER,train
2020_11747930_COULEE MEADOWS,train
2020_11748094_MONUMENT,validation
2020_11748242_BERTSCHI ROAD,train
2020_11748440_THUMB,train
2020_11748641_WATER TANK 2,train
2020_11748656_RIVER ROAD 5,train
2020_11748777_BIG HOLLOW,train
2020_11748938_BASKET LANE,train
2020_11749167_BARGE CANAL,train
2020_11749196_WHOA CANYON,train
2020_11749246_NEIBER,train
2020_11749495_MURPHY TRAIL HEAD,train
2020_11749550_TEN MILE,train
2020_11749591_GUAVA 2,train
2020_11749639_PARSON,validation
2020_11749823_BENA,train
2020_11749887_BALI NEIL,train
2020_11749902_WALDROP,train
2020_11749951_SEVENTY-SIX,test
2020_11750036_COCHON,train
2020_11750083_LUND,validation
2020_11750151_ROWHER,train
2020_11750496_WEST ARMELLS,validation
2020_11750632_HOWELL PEAK,train
2020_11750827_BIRDSHEAD,train
2020_11750885_COYOTE,train
2020_11750987_GRASSY,test
2020_11751160_7D2,train
2020_11751212_HOWE PEAK,test
2020_11751382_MM 36,train
2020_11751476_RED BUTTE,test
2020_11751508_STEWART CANYON,train
2020_11751788_CHINESE PEAK,train
2020_11751857_MILE MARKER 37,validation
2020_11752086_SADDLE MOUNTAIN,train
2020_11752265_COLOCKUM,train
2020_11752414_MATLOCK,train
2020_11752690_FRED ANDERSON RD,train
2020_11752871_8 MILE STILL ROAD FIRE # 2,test
2020_11753014_CLEAR CREEK,train
2020_11753206_YMCA,validation
2020_11753392_OJO DE LOS CASOS,train
2020_11753509_TELEGRAPH,train
2020_11753564_COUNTY ROAD 85,train
2020_11753584_GOOSE BAY LANE,train
2020_11753648_NUMBERS,test
2020_11753967_POTHOLE,validation
2020_11754053_BEN YOUNG,train
2020_11754371_'L' FIELD FIRE,train
2020_11754413_GREEN PEA,train
2020_11754449_IRIS,train
2020_11754695_SHOE BAR,train
2020_11754749_BAKER,train
2020_11754883_COTTONWOOD,train
2020_11755120_FLORIDA CANYON,train
2020_11755293_ANTELOPE CREEK,train
2020_11755341_BISHOP,validation
2020_11755780_MP 21,train
2020_11756148_GOLD,train
2020_11757632_DENNIS HILL,train
2020_11757772_STREETER,train
2020_11757982_LE PETERSON,train
2020_11758124_ODEN,train
2020_11758177_MOUNT R,train
2020_11758289_POLLES,train
2020_11758759_IA 387,train
2020_11758807_MAHOGANY,train
2020_11759379_BLACK CANYON,train
2020_11759495_MURPHY,test
2020_11759516_MEADOW VALLEY,train
2020_11760022_OSGOOD,train
2020_11760090_PINE RIDGE,train
2020_11760113_RIDGE,train
2020_11760207_GREENHOUSE,train
2020_11760471_MONARCH,train
2020_11760806_INTERCHANGE,train
2020_11760860_POWER LINE,train
2020_11760953_BIG HORN,train
2020_11761034_CUB,train
2020_11761425_YELLOW JACKET,train
2020_11761596_BLACK BUTTE,train
2020_11761636_PINE ISLAND FIRE,train
2020_11761709_COUNTY RD 49,test
2020_11761741_KNOLLS,train
2020_11761909_GOOSE CREEK,train
2020_11762522_11 NORTH,train
2020_11762612_HORSEFLAT,test
2020_11762743_BLUEJAY,train
2020_11762958_TIMBER MOUNTAIN,train
2020_11763130_GREEN,validation
2020_11763182_HORNET SWAMP ROAD,train
2020_11763266_SILVER HIGHWAY,train
2020_11763377_ANGLIN,train
2020_11763515_SAM HATCHER ROAD,train
2020_11763645_#6,train
2020_11763775_NORTH BROWNSTOWN,train
2020_11763810_JONES POINT,train
2020_11764016_PARLEYS,train
2020_11764181_COUGAR CREEK,train
2020_11764236_QUIGG PEAK,validation
2020_11764297_EAST ARMELLS,train
2020_11764396_ROCK,train
2020_11764628_SOLDIER,test
2020_11764661_SAMARIA,train
2020_11764750_BUMBLE BEE,train
2020_11765024_STUMP,train
2020_11765282_HORSE SHOE,train
2020_11765474_BRANCH,train
2020_11765685_MUD DAUBBER 4,train
2020_11765729_FIELDS GULCH,train
2020_11765845_BUFFALO CREEK,train
2020_11765874_DRAGON ROCK,train
2020_11765990_BRADLEY,train
2020_11766162_PARK,train
2020_11766208_MESSIX CANYON,train
2020_11766300_WORTHINGTON,train
2020_11766596_PUMPKIN,train
2020_11766651_ACORN FLATS,train
2020_11766664_JUDITH RIVER ROAD 2,train
2020_11766842_CUB LAKE,train
2020_11766941_CANYON,train
2020_11766979_ALLEN,validation
2020_11767022_ANTELOPE,train
2020_11767254_PINE CREEK 0480 RN,train
2020_11767294_COMET,train
2020_11767477_SHEARING PEN,train
2020_11767515_NORTH BROWNSTOWN 2,train
2020_11767577_CALDWELL,train
2020_11767631_BALDY,train
2020_11767829_BUFFALO,train
2020_11767936_CLOVER,validation
2020_11768019_ADAMS,train
2020_11768144_MAGPIE ROCK,test
2020_11768637_ELEVATION,train
2020_11768751_WINTERS,test
2020_11768985_CAMP ROAD,validation
2020_11769052_SUGAR,train
2020_11769090_LAKE WALCOTT,train
2020_11769137_JULY COMPLEX,train
2020_11769817_KRUMBO,train
2020_11769930_SALMON,train
2020_11770007_SOUTH DIETRICH,train
2020_11770021_MUD CREEK,test
2020_11770205_CANYON CREEK,train
2020_11770225_NEALS HILL,train
2020_11770425_AREA-16,train
2020_11770484_S-4 SHELDON,validation
2020_11770718_GOLDEN,train
2020_11770897_WARM,train
2020_11771025_DARK CANYON,train
2020_11771326_BUCKHORN CREEK,train
2020_11771414_LOST RIVER,train
2020_11771435_PUMPKIN,validation
2020_11771894_DALTON,test
2020_11771965_PLUM,train
2020_11772006_COTTONWOOD,train
2020_11772086_ST19,validation
2020_11772135_PHILLIPS CREEK,train
2020_11772429_DOUBLE CROSS,train
2020_11772583_TREMENTINA CANYON,train
2020_11772876_MULLINS,train
2020_11772978_TURKEY FARM ROAD,train
2020_11773188_WILLOW,test
2020_11773381_SOUTH,validation
2020_11773470_LAKE,train
2020_11775668_POODLE,train
2020_11775925_MOSIER CREEK,test
2020_11776209_BEAVER CREEK,train
2020_11776240_PINE GULCH,train
2020_11778859_LION CREEK,validation
2020_11779064_BEAR CREEK,validation
2020_11780184_WOLF,train
2020_11780353_HAPPY WEST,train
2020_11780398_POVERTY POINT,train
2020_11780425_10 MILE 2,train
2020_11780445_WILDHORSE FIRE,train
2020_11780470_WOLF,train
2020_11780603_FRANKLIN COUNTY ASSIST 1,train
2020_11780644_INDIAN VALLEY,train
2020_11780722_LAKE CREEK,train
2020_11780815_OXBOW,train
2020_11780881_ECKLAND,train
2020_11780923_GATE 5,train
2020_11781139_BON ACCORD,test
2020_11781248_IRISH,train
2020_11781357_BUFFALO CREEK,train
2020_11781410_ROAD 11,train
2020_11781527_POWER,train
2020_11781544_BUREN,train
2020_11781602_PIG,train
2020_11781739_POND,train
2020_11782234_TRIPP COULEE,train
2020_11782328_LIGHTING WEST,train
2020_11782396_CAMPBELL RD,train
2020_11782471_POCKET COMPLEX,train
2020_11782721_FIR MOUNTAIN,train
2020_11782951_HIGH BULL,train
2020_11783172_LOWER COYOTE CREEK,train
2020_11783331_JACKSON,train
2020_11783598_SLATE,train
2020_11783662_NAVARRO,train
2020_11783744_CHILTEPINES,train
2020_11783799_SHAFTER,train
2020_11783977_CASSADORE SPRINGS,train
2020_11784522_RATTLESNAKE,train
2020_11784940_SIMS,train
2020_11784997_SUE PEAK,train
2020_11785030_OLD BALDY,train
2020_11785185_FALLING STAR,test
2020_11785250_DUCK CREEK - MCCONE,train
2020_11785395_NORTH,train
2020_11785703_BLUE CREEK,train
2020_11785855_ROSLAND ROAD 0429 NE,train
2020_11785965_HOG,train
2020_11787117_SITES,train
2020_11787255_MAYS,train
2020_11787540_LOST,train
2020_11787832_DUCK,train
2020_11787901_PINE,train
2020_11788276_YANKEE JOE,validation
2020_11788363_BADGER,train
2020_11788670_POST FIRE,train
2020_11788751_WATER CANYON,train
2020_11789031_GRIZZLY CREEK,train
2020_11791096_GOLDFIELD,train
2020_11791176_BLUE RIVER 2,train
2020_11791453_VALLEY,train
2020_11791612_BIG SUMMIT,train
2020_11792162_STEWART,train
2020_11792229_FAWN CREEK,train
2020_11792446_WALKER,train
2020_11792480_WHISTLE CREEK,train
2020_11792519_CLAY,train
2020_11792567_TRIMMER,train
2020_11793106_PENNINGTON CREEK,train
2020_11793240_KLAUS,train
2020_11793436_GAME RANCH,train
2020_11793562_EAST BEACH ROAD,train
2020_11793883_PINE HOLLOW,train
2020_11794284_RICHARD MTN,train
2020_11794441_STAGECOACH,train
2020_11795215_SAND GULLY 4,validation
2020_11795231_ALL HANDS,train
2020_11795389_MULBERRY CREEK,train
2020_11795427_VEYO WEST,validation
2020_11795709_MINERAL,train
2020_11796884_CIMARRON SOLAR,train
2020_11796931_BLUE LAKE ONE,train
2020_11797008_HUBBY,train
2020_11797042_BEAVER CREEK,train
2020_11797098_HORSE CREEK 2,train
2020_11797133_KONNOWAC,train
2020_11797248_CAJA,train
2020_11797338_LUCKY STRIKE CA,test
2020_11797361_FITZGERARLD CA,validation
2020_11797389_GRAY HILL,train
2020_11797475_HIDDEN,test
2020_11797905_LONE STAR,train
2020_11798507_HEN SCRATCH DR,train
2020_11798531_MORAINE,train
2020_11800033_KEYSTONE BIKE TRAIL (52)**,validation
2020_11800125_EVANS CANYON,train
2020_11800671_BENT RIM,train
2020_11800747_DRUMMING,train
2020_11800886_111,train
2020_11800930_PAINTER,train
2020_11800995_ZOOK,train
2020_11801124_MEDDLER,train
2020_11801220_R-8 PINECONE,train
2020_11801278_GRAY HILL 2,train
2020_11801336_PILOT KNOB,train
2020_11801380_BOZARTH,train
2020_11801418_SQF COMPLEX,test
2020_11808071_FLAT CREEK,train
2020_11808122_KERNEL,train
2020_11808283_BUCK,validation
2020_11809321_SNIDER,train
2020_11809462_LOUSE CREEK,train
2020_11809534_HUFF,train
2020_11809644_OWENS,validation
2020_11809766_BTU/TGU LIGHTNING COMPLEX,validation
2020_11810223_FERGUSON,train
2020_11810270_SMITH CANYON,train
2020_11810532_HOBO,train
2020_11810768_OIL,train
2020_11810791_RICE,train
2020_11810925_BOBCAT,test
2020_11811347_SARPY,train
2020_11811492_BULL,test
2020_11811555_BASIN,train
2020_11811622_SAGE,train
2020_11811685_SWAGER CREEK,train
2020_11811782_SAN GULLEY FENCE,train
2020_11811807_TCU AUG LIGHTNING COMPLEX,train
2020_11811881_MULE SHOE,validation
2020_11811919_EP ROAD,train
2020_11811980_HORSE CREEK BUTTE,train
2020_11812160_HUBBARDS GAP,validation
2020_11812352_SCRUB,validation
2020_11812493_CAT CANYON,test
2020_11812611_BARTHOLOMEW,train
2020_11812687_SPONGE,train
2020_11812806_LAKE COMO,test
2020_11812972_INDIAN DIP,train
2020_11813057_MINER CREEK,train
2020_11813098_DAILY,validation
2020_11813173_SANDS,train
2020_11813256_MOODY,validation
2020_11813316_PATRIOT,train
2020_11813363_TOP OF THE WORLD,train
2020_11813372_STATE CREEK,train
2020_11813882_LEGGIT,train
2020_11814060_POWELL,test
2020_11814196_DOVE,train
2020_11814256_CROSSWIND,train
2020_11814290_TWOS,train
2020_11814375_LOCUST,validation
2020_11814404_EAST FORK,train
2020_11814935_LEWSTONE,train
2020_11815005_COMANCHE CREEK,train
2020_11815143_LAKE DRIVE,train
2020_11815161_CRANE,train
2020_11815219_12 MILE,train
2020_11815310_ALDER,validation
2020_11815469_WOODS CABIN,train
2020_11815525_JUNIPER,train
2020_11815599_SLINK,train
2020_11817046_GREENVILLE,train
2020_11817132_BUTTE/TEHAMA/GLENN COMPLEX,test
2020_11819142_PEACOCK HOLLOW,train
2020_11819212_FUDGE - MCCONE,test
2020_11819249_ARISTOCRAT,train
2020_11819307_1853,validation
2020_11819368_HUBBARD CREEK,train
2020_11819470_PRAIRIE DOG,test
2020_11819521_DEEP CREEK,train
2020_11819633_BABOON,train
2020_11819734_QUEEN,train
2020_11819789_COLT LAKE,train
2020_11819820_MOCUS POINT,train
2020_11819910_COUNTY LINE,train
2020_11819967_PHINNEY LAKE,train
2020_11820310_TRIPLE,train
2020_11820412_GRAVE LAKE,test
2020_11820439_WHITETAIL LOOP,train
2020_11820649_SHOTGUN,train
2020_11820700_PORPHYRY,train
2020_11821043_LODGEPOLE CREEK,train
2020_11821081_PALASADES,train
2020_11821112_LIGHT,train
2020_11821211_MEU LIGHTNING COMPLEX,validation
2020_11821277_SWEET CREEK MP 2,train
2020_11821507_MEDICINE,train
2020_11821739_HILL,train
2020_11821765_THORPE,train
2020_11821884_DIAMOND BUTTE,test
2020_11821932_BRADLEY CREEK,train
2020_11822033_CENTER CREEK TRAIL,train
2020_11822802_BOLT,train
2020_11822934_8889,train
2020_11823034_NORTH COATS,train
2020_11823218_SADDLE,train
2020_11823308_BUCHOLTZ 2,train
2020_11823341_QUAIL,train
2020_11823425_SHALE CREEK,train
2020_11823519_FORT CRAIG 2,train
2020_11823594_GREEN RIDGE 0684 CS,train
2020_11824243_BEACH,test
2020_11824431_RIDGE,train
2020_11824854_SUNDOWN,validation
2020_11824917_POVERTY CANYON,train
2020_11825008_LOCKHART MOUNTAIN,train
2020_11825077_SALT,train
2020_11825260_LITTLE MUD CREEK,train
2020_11825368_DOLAN,train
2020_11829054_CASTLE,train
2020_11829201_TULE ROAD,train
2020_11829231_CHIEF TIMOTHY,train
2020_11829268_RAIN DANCE,validation
2020_11829313_JONES,train
2020_11829722_LOFER,train
2020_11830101_GRIFFIN,train
2020_11830627_PALMER,train
2020_11831159_GLOVER 2,train
2020_11831221_COPELAND,train
2020_11831522_BANCROFT,train
2020_11831546_SADDLE,test
2020_11831570_ROLLS,train
2020_11831669_MCDOWELL,train
2020_11831698_BIG CANYON,train
2020_11831764_BAYTREE,train
2020_11831809_TAYLOR POND,train
2020_11831912_MT LENA,train
2020_11831977_BLACK CANYON,train
2020_11832159_SCRABBLE,train
2020_11832240_SWEATHOUSE #2,train
2020_11832332_CREEK,train
2020_11832454_SUPERSTITION,validation
2020_11832726_EAST FORK,train
2020_11835746_BEAVER,train
2020_11836421_BTU LIGHTNING 2020,train
2020_11836585_TROUT CREEK,train
2020_11836713_HOG RIDGE 0739 PR,train
2020_11836872_HORSESHOE,train
2020_11836897_WARM SPRINGS,validation
2020_11836997_ROCKHOUSE,train
2020_11837340_DETER-WINTERS,test
2020_11837350_VERDE,train
2020_11837476_LIONSHEAD,train
2020_11840753_WHITE RIVER,train
2020_11842938_WOOD CANYON,validation
2020_11843048_POCKET,test
2020_11843080_RATTLESNAKE,validation
2020_11843108_SNEAKFOOT,train
2020_11843135_MARION,train
2020_11843526_SWEATHOUSE #1,test
2020_11843598_5-4 POTTERS,train
2020_11843715_WOOD LAKE,train
2020_11843929_AUGUST COMPLEX,train
2020_11850821_LNU LIGHTNING COMPLEX,train
2020_11853883_SOLDIER,train
2020_11853977_COW CANYON,validation
2020_11854625_BLACK PINE,train
2020_11854685_ROUTE 8,test
2020_11854757_ELK,train
2020_11854920_FLAT,validation
2020_11855087_EAST WELL,validation
2020_11855241_GREENIE CREEK,train
2020_11855287_MCCONNELL,train
2020_11855344_HILL,train
2020_11855466_ELDER,train
2020_11855521_SHEEP,train
2020_11856879_R-5,train
2020_11856910_LILY 0701 NW,validation
2020_11856938_CAMERON PEAK,train
2020_11862866_PINE,validation
2020_11862945_RANCH2,validation
2020_11863576_MEISS,train
2020_11863604_TRAILS,train
2020_11863709_WOODWARD,train
2020_11865133_PUTNAM SPRINGS,train
2020_11865283_RED BOX WELL,train
2020_11865339_LAUREL 0741 PR,train
2020_11865606_TEA POT,train
2020_11865639_BUCK,train
2020_11865728_SHAMROCK,test
2020_11865777_JUNGLE CREEK,validation
2020_11865914_ANDERSON CROSSING,train
2020_11865970_NORTH COMPLEX,train
2020_11873323_BURK,train
2020_11873374_FOSTER CREEK,train
2020_11873413_MIDDLE FORK,train
2020_11873463_HULL,test
2020_11873505_LOST OAK,train
2020_11873603_SWEDE,train
2020_11873653_STEET MOUNTAIN,train
2020_11873889_MCMEAN,train
2020_11874227_RIVER,train
2020_11875360_ARROYO,train
2020_11875476_DANIELSON,train
2020_11875536_HOLSER,train
2020_11875693_WESTRIDGE,validation
2020_11875780_SCU LIGHTNING COMPLEX,train
2020_11878029_4-1 - MARSH,test
2020_11878096_CZU AUG LIGHTNING,train
2020_11880922_CANYON,validation
2020_11880999_ELK,train
2020_11881048_SPRING,train
2020_11881214_WILLIAMS FORK,train
2020_11883908_DOUBLE,train
2020_11884037_WILDCAT,train
2020_11884077_COWBOY,validation
2020_11884459_WADDLE CREEK,train
2020_11884538_WILDCAT,train
2020_11884679_JUNIPER BUTTE,train
2020_11884770_SPUD ROCK,train
2020_11885061_TURKEY CREEK,test
2020_11885085_CINNABAR,train
2020_11885771_DOE,validation
2020_11885812_INDIAN CREEK,train
2020_11886442_BATTLE CREEK,validation
2020_11886508_BALDY,train
2020_11886731_BUCK,train
2020_11886793_LOYALTON,train
2020_11887360_RIVIERA PARK,train
2020_11887494_AR,train
2020_11887587_BEACHIE CREEK,train
2020_11889940_SALT,train
2020_11890427_CHIMNEY,train
2020_11890461_FRESNO,test
2020_11890591_CONSTELLATION,test
2020_11890738_CRANE,train
2020_11891409_COUGAR,train
2020_11891599_NORTH BROWNSTOWN 3,train
2020_11891738_SHISSLER,train
2020_11892312_MEDIO,train
2020_11893085_TIN,train
2020_11893125_DAVIS LANE,train
2020_11893173_MEACHAM COMPLEX,train
2020_11893497_MOC,test
2020_11894150_MULDOON,train
2020_11894317_FROG 0657 RS,test
2020_11894715_BADGER LAKE,train
2020_11894937_8 MILE,test
2020_11895061_GARNET,train
2020_11895218_DOWNEY CREEK,train
2020_11895267_HIGH CREEK,train
2020_11895300_BULL,train
2020_11895456_P515,train
2020_11896373_W-5 COLD SPRINGS,train
2020_11897443_KROZIER,train
2020_11897529_CARMEL.,validation
2020_11898597_HARDSHELL,train
2020_11898619_HILLS,train
2020_11899037_DOME,train
2020_11899316_LOBO MESA,train
2020_11899417_HORSE POINT,train
2020_11899577_BADGER,validation
2020_11900796_GROUSE,train
2020_11901409_BATTLE CREEK 2,train
2020_11901692_RITTER,train
2020_11901760_COLD SPRINGS,train
2020_11902229_TRAIL TANK,train
2020_11902259_FAWN LAKE,train
2020_11902323_PEARL HILL,test
2020_11902654_GOSHEN,train
2020_11902851_WILTSE,validation
2020_11902957_WHITE SAGE,train
2020_11902992_LIME,train
2020_11903060_NEFFS,train
2020_11903415_VIRGIN MOUNTAIN,test
2020_11903753_MAGRUDER CAMPFIRE,train
2020_11903764_WHITNEY,validation
2020_11904098_OUTLOOK HILL,train
2020_11904157_WEST BRANCH,train
2020_11904234_OK COMPARTMENT 49,train
2020_11904289_APPLE ACRES,train
2020_11904452_OAK,test
2020_11904770_INDIAN PASS,train
2020_11904791_BABB,train
2020_11905002_SINGING HORSE 2,validation
2020_11905209_TRAP,train
2020_11905652_MIDDLE,train
2020_11905673_BIRCH CREEK,train
2020_11905820_SCHILL,train
2020_11905860_BEVERLY BURKE,train
2020_11905900_HUNTER 2,train
2020_11906039_WOODHEAD,train
2020_11907333_PATERSON,train
2020_11907367_BLACKFOOT MOUNTAIN,train
2020_11907415_FOX,validation
2020_11907781_CAMARGO FIRE,validation
2020_11907830_GRIZZLY CREEK,train
2020_11908058_BRIDGER FOOTHILLS,train
2020_11908866_CREEK,validation
2020_11916628_WICKIUP,train
2020_11916675_CUSTOMS ROAD,train
2020_11916904_COLD CREEK,validation
2020_11917224_ANCHOR,train
2020_11917302_SNOW,train
2020_11917747_MULLEN,train
2020_11920436_HORSE CREEK,train
2020_11920479_SUNNYSIDE COMPLEX,validation
2020_11920769_TWO FOUR TWO,train
2020_11921998_POWER LINE,test
2020_11922031_INCHELIUM COMPLEX,train
2020_11922811_ETHER HOLLOW,train
2020_11923345_SHF ELKHORN,train
2020_11923419_IRON GATE,train
2020_11923519_HWY B,train
2020_11923609_HAROLD DICKENS LANE,test
2020_11923647_EL DORADO,train
2020_11926606_HOLIDAY FARM,train
2020_11928423_BRATTAIN,train
2020_11929438_WIND LAKES,train
2020_11929508_RR 316,train
2020_11929631_VALLEY,train
2020_11930484_REAVIS,train
2020_11930517_SLATER,train
2020_11933376_ECHO MTN. COMPLEX,validation
2020_11933945_BERNARD,train
2020_11934511_ARCHIE CREEK,test
2020_11936509_FISH,train
2020_11936658_BULLFROG,train
2020_11941437_BLACKHAWK,train
2020_11941464_RIVERSIDE,validation
2020_11943503_BIG HOLLOW,train
2020_11944095_STAR MOUNTAIN LN.,train
2020_11944165_THIELSEN,test
2020_11945702_FORK,train
2020_11947149_ROOSTER,train
2020_11947235_VALLEY CREEK,train
2020_11947327_ALMEDA DRIVE,train
2020_11947539_CALLAHAN,train
2020_11948237_MIDDLE FORK,train
2020_11949586_S. OBENCHAIN,train
2020_11950753_SKOOKUM,train
2020_11950859_SEEPAY RD,train
2020_11950989_PORCUPINE,train
2020_11951011_BOBCAT,train
2020_11954509_SUMNER GRADE,validation
2020_11954686_NORTH CASCADE FIRES,test
2020_11954715_WILLOW,train
2020_11955066_WILLIAM,train
2020_11956270_MUD DAUBER 6 (53),train
2020_11956286_DEVIL,train
2020_11956986_KAHLOTUS,validation
2020_11957005_POWERLINE ROAD MUTUAL AID,validation
2020_11957048_WAWAWAI CANYON,test
2020_11957182_TREATMENT CENTER,train
2020_11957222_MARTINDALE,train
2020_11957354_ADAMSON,train
2020_11957387_BACCARAT,validation
2020_11957511_COLEMAN,train
2020_11958015_LEFTHAND,train
2020_11958178_WOLF,train
2020_11958269_HORSE,train
2020_11958816_MERIDIAN,train
2020_11958971_CIRCLE H,train
2020_11959032_LITTLE BEAR,train
2020_11959066_DOE CANYON,validation
2020_11959148_ICE,train
2020_11959385_FRENCH CREEK,train
2020_11959416_GRAYSPORT CROSSING ROAD,train
2020_11959459_WEDGE BUTTE,train
2020_11959547_GIBBONS,train
2020_11959746_COLORADO 2,validation
2020_11959826_ESPINOSA,validation
2020_11959873_RHOADES CYN 2,train
2020_11959990_GASS FLATS,train
2020_11960133_EAST SEVEN MILE,train
2020_11960154_GRAVEYARD CREEK,train
2020_11960199_TOLLUCK,train
2020_11960283_ANTELOPE,train
2020_11960385_BURLEY,train
2020_11960476_HUBBART DAM,train
2020_11960570_SHADOW LAKE,train
2020_11960649_MANNING RD,train
2020_11960819_ENCINOS,test
2020_11960935_HIGHWAY 28,train
2020_11960984_CONNOR SUMMIT,train
2020_11961061_WHITE,train
2020_11961256_PLAINVIEW CA,test
2020_11961290_BOX CAR,validation
2020_11961340_WINDY JONATHAN,train
2020_11961372_WILDHORSE,train
2020_11961514_JACKALOPE,train
2020_11961675_HORSE,train
2020_11961755_JEFFERSON ROAD,validation
2020_11961810_CARIBOU CATTAIL FIRE,train
2020_11961863_MARSHALL PEAK,train
2020_11961999_HAYNES CA,train
2020_11962084_BRYAN MOUNTAIN,train
2020_11962142_PILGRIM CREEK 1,train
2020_11962275_PUZZLE,train
2020_11962352_BOXELDER,test
2020_11962442_SEARS,validation
2020_11962812_4W,train
2020_11962889_LITTLE LAUREL # 3,test
2020_11962923_TEXHOMA FIRE,validation
2020_11962958_BAYVIEW FIRE,train
2020_11962970_SNIDER LAKE,train
2020_11963305_HARMON SPRINGS,train
2020_11963363_ROSE CREEK,train
2020_11963438_NEBO,train
2020_11963496_GLASS,train
2020_11965053_NORTH WHIZ DOME,train
2020_11965152_LAVA RIDGE,train
2020_11965193_YOGO,train
2020_11965603_FIRE CANYON,train
2020_11965678_RANGE,train
2020_11966019_CALWOOD,validation
2020_11966716_BOARDINGHOUSE HOLLOW,train
2020_11966782_EAST TROUBLESOME,train
2020_11968115_ZOGG,train
2020_11969578_VEYO ROAD,test
2020_11969659_CLACKAMAS COUNTY FIRES,train
2020_11970177_JAKE SPRING,train
2020_11970319_LUNA,train
2020_11970750_COYOTE,test
2020_11970833_POISON SPRINGS,train
2020_11970932_MIDNIGHT,train
2020_11970962_RIVER BEND,train
2020_11971003_WAYNE SELLERS COOLEY RD,train
2020_11971027_1498 FIRE,train
2020_11971077_HOODTOWN,validation
2020_11971087_LICK CREEK #3,train
2020_11971423_M & M ROAD FIRE,train
2020_11971451_CRYSTAL CREEK,train
2020_11971492_JUMPING JACK,train
2020_11971568_JORDAN,train
2020_11971709_NORTH JUNIPER,validation
2020_11971723_SEYFERT,train
2020_11971759_SOURDOUGH,train
2020_11971857_COUGAR,train
2020_11971929_HABANERO,train
2020_11972018_WILDHORSE CREEK,train
2020_11972077_PORCUPINE,train
2020_11972145_HAG BOUNDRY,train
2020_11972216_WALKIN,train
2020_11972307_170 MP 311,train
2020_11972392_TOMPSON RUN,test
2020_11972459_PRAIRIE DOG,validation
2020_11972557_BOND,train
2020_11973190_SNOW CANYON,train
2020_11973235_WHITE CANYON,train
2020_11973260_HARRIETSVILLE,test
2020_11973310_DAVE,train
2020_11973346_MOUNTAIN VIEW,train
2020_11973665_SEVEN PINES,train
2020_11973766_MT. UNION ROAD,train
2020_11973779_PARK DR,train
2020_11973793_NORTH EAST,train
2020_11973807_KINGSWOOD ROAD,train
2020_11973856_ROUND VALLEY,train
2020_11974022_HARDESTY FIRE,train
2020_11974190_SILVERADO,train
2020_11974830_ELK LAKE,train
2020_11974961_ROCKY ROAD,train
2020_11975102_SPIRIT CREEK,train
2020_11975193_BLUE RIDGE,validation
2020_11975836_RAFT RIVER,test
2020_11975915_DRAKE,train
2020_11975959_WARREN FIRE,train
2020_11975983_WHITE PINE,validation
2020_11976103_THREE HILLS,train
2020_11976497_BIRD CREEK,test
2020_11976557_RAYTOWN RD,test
2020_11976592_AIRPORT,train
2020_11977181_BOURBONAIS CREEK,validation
2020_11977405_FORD RIDGE,train
2020_11977427_WHEAT STATE,train
2020_11977501_LIBERTY 12:14,test
2020_11977605_KYERSTAD,train
2020_11977635_HENSLEY MOUNTAIN,test
2020_11977822_MIDDLE MOUNTAIN,train
2020_11978031_LESLIE GULCH,train
2020_11978116_MACEDONIA ROAD #1,train
2020_11978126_DRY BRANCH,validation
2020_11978150_FRANK TURNER ROAD,test
2020_11978302_GRASSY,train
2020_11978390_HWY 62,train
2020_11978709_HANCOCK LATERRE DRIVE 19156,test
2020_11978732_HARRISON ELMER LADNER ROAD 25216,train
2020_11978755_PINEHAVEN,validation
2020_11978937_OK 728,train
2020_11978992_OLD TOWN ROAD,train
2020_11979047_CROSLEY,train
2020_11979081_LAURA 2,train
2020_11979237_TRAIL,validation
2020_11979442_GARRETT HOLLOW ROAD,test
2020_11979455_JUDE YAWN RD/LITTLE CREEK RD,train
2020_11979479_WILLIE,test
2020_11979519_DEEP MARSH EAST,train
2020_11979545_YELLOW RAIL,train
2020_11979720_HEAFNER RD,train
2020_11979801_TUNNEL RIDGE,train
2020_11979838_TUBBY BOTTOM,train
2020_11979989_RIFLE RANGE,train
2020_11980048_COUNTY MM 12,train
2020_11980122_WELLER YARD,train
2020_11980186_SANDERSON,train
2020_11980338_CANNON CREEK LAKE,validation
2020_11980377_COUNTY ROAD 205,train
2020_11980510_LEFT FIELD,train
2020_11980528_ROCK STATION,train
2020_11980587_CREEK 5,train
2020_11980770_LITTLE CHIEF,train
2020_11980821_COW CREEK,train
2020_11980913_SWITCHBACK,train
2020_11980985_BIG SNAG,train
2020_11981035_DUBOIS,train
2020_11981111_FOOT PRINT,train
2020_11981205_SMALL PINES,train
